"annotation_id","annotator","created_at","id","lead_time","sentiment","size_bytes","updated_at","user_rating","user_rating_mark"
361,"2","2024-10-14T20:49:40.208168Z",7198,3.427,"high",79404032,"2024-10-14T20:49:41.666588Z",5.0,""
362,"2","2024-10-14T20:49:51.741818Z",7199,1.54,"high",12734464,"2024-10-14T20:49:51.741818Z",4.5,""
363,"2","2024-10-14T20:50:05.698725Z",7200,4.021,"high",308125696,"2024-10-14T20:50:05.698725Z",4.0,""
364,"2","2024-10-14T20:50:13.974797Z",7201,1.799,"low",28471296,"2024-10-14T20:50:13.974797Z",1.0,""
365,"2","2024-10-14T20:50:19.979042Z",7202,1.449,"low",404173824,"2024-10-14T20:50:19.979042Z",3.0,""
366,"2","2024-10-14T20:50:26.975098Z",7203,1.794,"low",7432192,"2024-10-14T20:50:26.975098Z",0.0,""
367,"2","2024-10-14T20:50:31.811788Z",7204,1.451,"high",31446016,"2024-10-14T20:50:31.812788Z",4.5,""
368,"2","2024-10-14T20:50:36.855321Z",7205,1.551,"low",77717504,"2024-10-14T20:50:36.856322Z",0.0,""
369,"2","2024-10-14T20:50:52.591424Z",7206,1.266,"high",851309568,"2024-10-14T20:50:52.591424Z",4.5,""
370,"2","2024-10-14T20:50:57.510778Z",7207,1.274,"medium",62823424,"2024-10-14T20:50:57.510778Z",4.0,""
371,"2","2024-10-14T20:51:43.721341Z",7208,26.285999999999998,"high",65501184,"2024-10-14T20:51:43.721341Z",4.5,""
372,"2","2024-10-14T20:51:51.865617Z",7209,4.725,"low",2116109312,"2024-10-14T20:51:51.865617Z",3.0,""
373,"2","2024-10-14T20:51:57.209594Z",7210,1.491,"high",39276544,"2024-10-14T20:51:57.209594Z",4.5,""
374,"2","2024-10-14T20:52:02.147783Z",7211,1.616,"medium",55869440,"2024-10-14T20:52:02.147783Z",4.0,""
375,"2","2024-10-14T20:52:06.782291Z",7212,1.381,"high",64333824,"2024-10-14T20:52:06.782291Z",4.5,""
376,"2","2024-10-14T20:52:10.576713Z",7213,1.222,"medium",699091968,"2024-10-14T20:52:10.576713Z",4.0,""
377,"2","2024-10-14T20:52:23.918143Z",7214,2.675,"medium",50789376,"2024-10-14T20:52:23.918143Z",3.5,""
378,"2","2024-10-14T20:52:29.881725Z",7215,1.541,"high",1344401408,"2024-10-14T20:52:29.881725Z",4.5,""
379,"2","2024-10-14T20:52:34.793133Z",7216,1.412,"high",26890240,"2024-10-14T20:52:34.793133Z",4.5,""
380,"2","2024-10-14T20:52:39.058894Z",7217,1.181,"high",99231744,"2024-10-14T20:52:39.058894Z",4.5,""
381,"2","2024-10-14T20:52:43.524715Z",7218,1.252,"medium",151495680,"2024-10-14T20:52:43.524715Z",4.0,""
382,"2","2024-10-14T20:52:48.189676Z",7219,1.109,"low",132924416,"2024-10-14T20:52:48.189676Z",0.0,""
383,"2","2024-10-14T20:52:52.241683Z",7220,1.516,"high",54100992,"2024-10-14T20:52:52.241683Z",4.5,""
384,"2","2024-10-14T20:52:56.567952Z",7221,1.192,"medium",47774720,"2024-10-14T20:52:56.567952Z",4.0,""
385,"2","2024-10-14T21:03:24.819370Z",7222,20.111,"medium",35204096,"2024-10-14T21:03:24.819370Z",3.5,""
386,"2","2024-10-14T21:03:33.733228Z",7223,2.196,"high",154832896,"2024-10-14T21:03:33.733228Z",4.5,""
387,"2","2024-10-14T21:03:39.566212Z",7224,1.486,"high",69772288,"2024-10-14T21:03:39.566212Z",4.5,""
388,"2","2024-10-14T21:03:44.344195Z",7225,1.391,"medium",15313920,"2024-10-14T21:03:44.344195Z",4.0,""
389,"2","2024-10-14T21:03:48.666219Z",7226,1.076,"high",33304576,"2024-10-14T21:03:48.666219Z",4.5,""
390,"2","2024-10-14T21:03:53.323002Z",7227,1.52,"low",84905984,"2024-10-14T21:03:53.323002Z",2.0,""
391,"2","2024-10-14T21:03:58.496177Z",7228,1.907,"medium",32918528,"2024-10-14T21:03:58.496177Z",3.5,""
392,"2","2024-10-14T21:04:02.564207Z",7229,1.433,"high",761856,"2024-10-14T21:04:02.564207Z",4.5,""
393,"2","2024-10-14T21:04:08.917171Z",7230,2.889,"medium",68952064,"2024-10-14T21:04:08.917171Z",4.0,""
394,"2","2024-10-14T21:04:12.957170Z",7231,1.298,"high",199166976,"2024-10-14T21:04:12.957170Z",5.0,""
395,"2","2024-10-14T21:04:17.868063Z",7232,1.482,"low",38904832,"2024-10-14T21:04:17.868063Z",0.0,""
396,"2","2024-10-14T21:04:22.387199Z",7233,1.736,"high",398783488,"2024-10-14T21:04:22.387199Z",4.5,""
397,"2","2024-10-14T21:04:26.933160Z",7234,1.235,"low",127716352,"2024-10-14T21:04:26.933160Z",1.0,""
398,"2","2024-10-14T21:04:30.915195Z",7235,1.15,"high",162750464,"2024-10-14T21:04:30.916194Z",4.5,""
399,"2","2024-10-14T21:04:34.980598Z",7236,1.093,"low",12660736,"2024-10-14T21:04:34.980598Z",2.0,""
400,"2","2024-10-14T21:04:40.084150Z",7237,1.25,"high",254793728,"2024-10-14T21:04:40.084150Z",4.5,""
401,"2","2024-10-14T21:04:44.947327Z",7238,1.715,"high",237275136,"2024-10-14T21:04:44.947327Z",4.5,""
402,"2","2024-10-14T21:04:49.163357Z",7239,1.177,"low",28856320,"2024-10-14T21:04:49.163357Z",1.0,""
403,"2","2024-10-14T21:04:53.376901Z",7240,1.277,"low",39272448,"2024-10-14T21:04:53.376901Z",1.5,""
404,"2","2024-10-14T21:05:04.773586Z",7241,9.473,"high",95036416,"2024-10-14T21:05:11.752225Z",4.5,""
405,"2","2024-10-14T21:05:17.721118Z",7242,2.374,"medium",6529024,"2024-10-14T21:05:17.721118Z",4.0,""
406,"2","2024-10-14T21:05:22.195676Z",7243,3.524,"high",19434496,"2024-10-14T21:05:36.579515Z",4.5,""
407,"2","2024-10-14T21:05:28.404281Z",7244,1.88,"medium",154600448,"2024-10-14T21:05:28.404281Z",4.0,""
408,"2","2024-10-14T21:05:41.210111Z",7245,1.379,"high",100554752,"2024-10-14T21:05:41.210111Z",4.5,""
409,"2","2024-10-14T21:05:45.855104Z",7246,1.548,"high",30148608,"2024-10-14T21:05:45.855104Z",4.5,""
410,"2","2024-10-14T21:05:49.787494Z",7247,1.187,"low",83433472,"2024-10-14T21:05:49.787494Z",3.0,""
411,"2","2024-10-14T21:05:53.996600Z",7248,1.563,"high",149815296,"2024-10-14T21:05:53.996600Z",4.5,""
412,"2","2024-10-14T21:05:58.498588Z",7249,1.454,"low",18325504,"2024-10-14T21:05:58.498588Z",0.0,""
413,"2","2024-10-14T21:06:04.061088Z",7250,2.013,"high",218039296,"2024-10-14T21:06:04.061088Z",5.0,""
414,"2","2024-10-14T21:06:08.457881Z",7251,1.135,"low",15183872,"2024-10-14T21:06:08.457881Z",0.0,""
415,"2","2024-10-14T21:06:11.819082Z",7252,1.477,"high",113558528,"2024-10-14T21:06:11.819082Z",5.0,""
416,"2","2024-10-14T21:06:16.269081Z",7253,5.274,"low",5086208,"2024-10-14T21:06:21.356236Z",3.0,""
417,"2","2024-10-14T21:06:25.689072Z",7254,1.201,"low",38898688,"2024-10-14T21:06:25.689072Z",3.0,""
418,"2","2024-10-14T21:06:29.556077Z",7255,0.858,"low",45325312,"2024-10-14T21:06:29.556077Z",0.0,""
419,"2","2024-10-14T21:06:33.348068Z",7256,1.098,"medium",39568384,"2024-10-14T21:06:33.348068Z",3.5,""
420,"2","2024-10-14T21:06:37.296065Z",7257,1.177,"high",224983040,"2024-10-14T21:06:37.296065Z",4.5,""
421,"2","2024-10-14T21:06:40.884062Z",7258,1.224,"high",188902400,"2024-10-14T21:06:40.884062Z",4.5,""
422,"2","2024-10-14T21:06:45.160059Z",7259,1.381,"medium",514434048,"2024-10-14T21:06:45.160059Z",4.0,""
423,"2","2024-10-14T21:06:49.618056Z",7260,1.433,"low",187552768,"2024-10-14T21:06:49.618056Z",0.0,""
424,"2","2024-10-14T21:06:54.181601Z",7261,1.315,"medium",35696640,"2024-10-14T21:06:54.181601Z",3.5,""
425,"2","2024-10-14T21:06:58.458013Z",7262,1.193,"high",207105024,"2024-10-14T21:06:58.458013Z",4.5,""
426,"2","2024-10-14T21:07:03.601499Z",7263,1.777,"high",253294592,"2024-10-14T21:07:03.601499Z",4.5,""
427,"2","2024-10-14T21:07:09.488486Z",7264,3.7350000000000003,"medium",87324672,"2024-10-14T21:07:12.094274Z",4.0,""
428,"2","2024-10-14T21:07:17.304020Z",7265,1.515,"high",160321536,"2024-10-14T21:07:17.304020Z",4.5,""
429,"2","2024-10-14T21:07:24.465959Z",7266,2.502,"high",141105152,"2024-10-14T21:07:24.465959Z",4.5,""
430,"2","2024-10-14T21:07:29.848048Z",7267,1.786,"high",98380800,"2024-10-14T21:07:29.848048Z",4.5,""
431,"2","2024-10-14T21:07:35.013048Z",7268,1.943,"low",67361792,"2024-10-14T21:07:35.013048Z",0.0,""
432,"2","2024-10-14T21:07:39.324045Z",7269,1.047,"medium",2169602048,"2024-10-14T21:07:39.324045Z",4.0,""
433,"2","2024-10-14T21:07:43.782452Z",7270,1.412,"high",180629504,"2024-10-14T21:07:43.782452Z",4.5,""
434,"2","2024-10-14T21:07:49.357071Z",7271,1.223,"high",72565760,"2024-10-14T21:07:49.357071Z",4.5,""
435,"2","2024-10-14T21:07:53.589657Z",7272,1.612,"high",128684032,"2024-10-14T21:07:53.589657Z",4.5,""
436,"2","2024-10-14T21:07:58.089083Z",7273,1.138,"medium",51374080,"2024-10-14T21:07:58.089083Z",4.0,""
437,"2","2024-10-14T21:08:01.922048Z",7274,1.332,"high",958016512,"2024-10-14T21:08:01.922048Z",4.5,""
438,"2","2024-10-14T21:08:05.895733Z",7275,1.143,"medium",65756160,"2024-10-14T21:08:05.895733Z",3.5,""
439,"2","2024-10-14T21:08:10.123000Z",7276,0.942,"low",46454784,"2024-10-14T21:08:10.123000Z",1.0,""
440,"2","2024-10-14T21:08:14.633990Z",7277,1.495,"high",478513152,"2024-10-14T21:08:14.633990Z",4.5,""
441,"2","2024-10-14T21:08:18.741986Z",7278,1.135,"medium",151453696,"2024-10-14T21:08:18.741986Z",4.5,""
442,"2","2024-10-14T21:08:22.607985Z",7279,1.335,"high",44860416,"2024-10-14T21:08:22.607985Z",4.5,""
443,"2","2024-10-14T21:08:35.027828Z",7280,1.607,"medium",497758208,"2024-10-14T21:08:35.027828Z",4.0,""
444,"2","2024-10-14T21:08:39.298997Z",7281,0.918,"medium",6418432,"2024-10-14T21:08:39.298997Z",3.5,""
445,"2","2024-10-14T21:08:43.429969Z",7282,1.249,"high",364490752,"2024-10-14T21:08:43.429969Z",5.0,""
446,"2","2024-10-14T21:08:48.786158Z",7283,1.171,"medium",108594176,"2024-10-14T21:08:48.786158Z",4.0,""
447,"2","2024-10-14T21:09:16.034945Z",7284,1.46,"high",143591424,"2024-10-14T21:09:16.034945Z",4.5,""
448,"2","2024-10-14T21:09:20.805443Z",7285,1.569,"high",51105792,"2024-10-14T21:09:20.805443Z",4.5,""
449,"2","2024-10-14T21:09:25.515938Z",7286,1.587,"medium",140367872,"2024-10-14T21:09:25.515938Z",3.5,""
450,"2","2024-10-14T21:09:29.568119Z",7287,1.085,"medium",361181184,"2024-10-14T21:09:29.568119Z",4.0,""
451,"2","2024-10-14T21:09:35.178957Z",7288,1.331,"high",52018176,"2024-10-14T21:09:35.178957Z",4.5,""
452,"2","2024-10-14T21:09:39.326925Z",7289,0.988,"medium",33880064,"2024-10-14T21:09:39.326925Z",3.5,""
453,"2","2024-10-14T21:09:43.268924Z",7290,1.31,"low",185606144,"2024-10-14T21:09:43.268924Z",3.0,""
454,"2","2024-10-14T21:09:49.797399Z",7291,1.859,"low",848715776,"2024-10-14T21:09:49.797399Z",3.0,""
455,"2","2024-10-14T21:09:56.804913Z",7292,2.921,"high",131642368,"2024-10-14T21:09:56.804913Z",4.5,""
456,"2","2024-10-14T21:10:02.248834Z",7293,1.92,"high",110595072,"2024-10-14T21:10:02.248834Z",4.5,""
457,"2","2024-10-14T21:10:06.228915Z",7294,1.264,"medium",22587392,"2024-10-14T21:10:06.228915Z",4.0,""
458,"2","2024-10-14T21:10:11.425934Z",7295,1.404,"high",121715712,"2024-10-14T21:10:11.425934Z",4.5,""
459,"2","2024-10-14T21:10:16.221406Z",7296,1.204,"high",55493632,"2024-10-14T21:10:16.221406Z",4.5,""
460,"2","2024-10-14T21:10:20.351936Z",7297,1.167,"medium",74212352,"2024-10-14T21:10:20.351936Z",4.0,""
461,"2","2024-10-14T21:10:24.708322Z",7298,4.708,"low",52408320,"2024-10-14T21:10:28.793253Z",3.0,""
462,"2","2024-10-14T21:10:32.796329Z",7299,1.79,"medium",441390080,"2024-10-14T21:10:32.796329Z",4.0,""
463,"2","2024-10-14T21:10:38.365903Z",7300,1.736,"low",28156928,"2024-10-14T21:10:38.365903Z",2.5,""
464,"2","2024-10-14T21:10:43.145908Z",7301,1.905,"high",10432512,"2024-10-14T21:10:43.145908Z",4.5,""
465,"2","2024-10-14T21:10:49.155391Z",7302,1.57,"high",910774272,"2024-10-14T21:10:49.155391Z",4.5,""
466,"2","2024-10-14T21:10:56.108058Z",7303,1.459,"medium",138277888,"2024-10-14T21:10:56.108058Z",4.0,""
467,"2","2024-10-14T21:11:00.381396Z",7304,1.182,"low",15053824,"2024-10-14T21:11:00.381396Z",0.0,""
468,"2","2024-10-14T21:11:04.940893Z",7305,1.626,"high",102755328,"2024-10-14T21:11:04.940893Z",4.5,""
469,"2","2024-10-14T21:11:09.595864Z",7306,1.341,"medium",72539136,"2024-10-14T21:11:09.595864Z",4.0,""
470,"2","2024-10-14T21:11:16.464854Z",7307,2.112,"high",141136896,"2024-10-14T21:11:16.464854Z",4.5,""
471,"2","2024-10-14T21:11:21.953848Z",7308,1.183,"medium",18375680,"2024-10-14T21:11:21.953848Z",4.0,""
472,"2","2024-10-14T21:11:28.686115Z",7309,2.187,"high",164000768,"2024-10-14T21:11:28.686115Z",4.5,""
473,"2","2024-10-14T21:11:33.960843Z",7310,1.767,"low",35998720,"2024-10-14T21:11:33.960843Z",3.0,""
474,"2","2024-10-14T21:11:39.214673Z",7311,1.865,"high",55445504,"2024-10-14T21:11:39.214673Z",4.5,""
475,"2","2024-10-14T21:11:44.219010Z",7312,2.042,"high",451740672,"2024-10-14T21:11:44.219010Z",4.5,""
476,"2","2024-10-14T21:11:48.667406Z",7313,1.368,"high",22185984,"2024-10-14T21:11:48.667406Z",4.5,""
477,"2","2024-10-14T21:11:53.799877Z",7314,1.656,"low",162557952,"2024-10-14T21:11:53.799877Z",0.0,""
478,"2","2024-10-14T21:11:58.732828Z",7315,1.565,"medium",308592640,"2024-10-14T21:11:58.732828Z",4.0,""
479,"2","2024-10-14T21:12:03.450844Z",7316,1.784,"high",19247104,"2024-10-14T21:12:03.450844Z",4.5,""
480,"2","2024-10-14T21:12:08.326272Z",7317,1.572,"medium",74190848,"2024-10-14T21:12:08.326272Z",3.5,""
481,"2","2024-10-14T21:12:12.725821Z",7318,1.592,"medium",191410176,"2024-10-14T21:12:12.725821Z",4.0,""
482,"2","2024-10-14T21:12:17.117813Z",7319,1.309,"medium",22562816,"2024-10-14T21:12:17.117813Z",4.0,""
483,"2","2024-10-14T21:12:21.485807Z",7320,1.463,"high",36184064,"2024-10-14T21:12:21.485807Z",4.5,""
484,"2","2024-10-14T21:12:26.427803Z",7321,1.256,"medium",79527936,"2024-10-14T21:12:26.427803Z",3.5,""
485,"2","2024-10-14T21:12:31.657798Z",7322,2.083,"medium",59183104,"2024-10-14T21:12:31.657798Z",4.0,""
486,"2","2024-10-14T21:12:37.085820Z",7323,2.149,"high",9922560,"2024-10-14T21:12:37.085820Z",5.0,""
487,"2","2024-10-14T21:12:42.326651Z",7324,1.6,"high",936792064,"2024-10-14T21:12:42.326651Z",4.5,""
488,"2","2024-10-14T21:12:46.868804Z",7325,1.287,"high",49349632,"2024-10-14T21:12:46.868804Z",4.5,""
489,"2","2024-10-14T21:12:51.836784Z",7326,1.812,"high",135512064,"2024-10-14T21:12:51.836784Z",4.5,""
490,"2","2024-10-14T21:12:56.261723Z",7327,1.624,"low",871531520,"2024-10-14T21:12:56.261723Z",3.0,""
491,"2","2024-10-14T21:13:01.144776Z",7328,1.851,"high",49243136,"2024-10-14T21:13:01.144776Z",5.0,""
492,"2","2024-10-14T21:13:05.303862Z",7329,1.474,"medium",57072640,"2024-10-14T21:13:05.303862Z",4.0,""
493,"2","2024-10-14T21:13:10.158561Z",7330,1.391,"high",58299392,"2024-10-14T21:13:10.158561Z",4.5,""
494,"2","2024-10-14T21:13:14.900213Z",7331,1.388,"high",15258624,"2024-10-14T21:13:14.900213Z",4.5,""
495,"2","2024-10-14T21:13:19.251790Z",7332,0.879,"low",77551616,"2024-10-14T21:13:19.251790Z",0.0,""
496,"2","2024-10-14T21:13:23.571539Z",7333,1.438,"high",9167872,"2024-10-14T21:13:23.571539Z",4.5,""
497,"2","2024-10-14T21:13:27.630778Z",7334,1.389,"high",7802880,"2024-10-14T21:13:27.630778Z",4.5,""
498,"2","2024-10-14T21:13:32.154302Z",7335,1.536,"high",66388992,"2024-10-14T21:13:32.154302Z",4.5,""
499,"2","2024-10-14T21:13:37.241936Z",7336,1.604,"high",169488384,"2024-10-14T21:13:37.241936Z",4.5,""
500,"2","2024-10-14T21:13:41.351748Z",7337,1.49,"low",2950687744,"2024-10-14T21:13:41.351748Z",3.0,""
501,"2","2024-10-14T21:13:45.569449Z",7338,1.136,"high",138456064,"2024-10-14T21:13:45.569449Z",4.5,""
502,"2","2024-10-14T21:13:50.697743Z",7339,1.495,"medium",24551424,"2024-10-14T21:13:50.697743Z",4.0,""
503,"2","2024-10-14T21:13:54.617765Z",7340,1.249,"high",27130880,"2024-10-14T21:13:54.617765Z",4.5,""
504,"2","2024-10-14T21:13:59.168735Z",7341,1.329,"medium",1170735104,"2024-10-14T21:13:59.168735Z",3.5,""
505,"2","2024-10-14T21:14:03.460732Z",7342,1.302,"low",14309376,"2024-10-14T21:14:03.460732Z",0.0,""
506,"2","2024-10-14T21:14:08.277698Z",7343,1.472,"medium",168192000,"2024-10-14T21:14:08.277698Z",4.0,""
507,"2","2024-10-14T21:14:11.929739Z",7344,1.088,"low",86029312,"2024-10-14T21:14:11.929739Z",0.0,""
508,"2","2024-10-14T21:14:16.229745Z",7345,1.322,"medium",102180864,"2024-10-14T21:14:16.229745Z",3.5,""
510,"2","2024-10-14T21:14:28.463705Z",7346,1.286,"low",52287488,"2024-10-14T21:14:28.463705Z",0.0,""
509,"2","2024-10-14T21:14:20.594923Z",7347,0.944,"low",44748800,"2024-10-14T21:14:20.594923Z",0.0,""
511,"2","2024-10-14T21:14:34.097274Z",7348,1.381,"high",81845248,"2024-10-14T21:14:34.097274Z",4.5,""
512,"2","2024-10-14T21:14:38.089504Z",7349,1.264,"high",54171648,"2024-10-14T21:14:38.089504Z",4.5,""
513,"2","2024-10-14T21:14:43.806231Z",7350,1.729,"low",51405824,"2024-10-14T21:14:43.806231Z",0.0,""
514,"2","2024-10-14T21:14:49.582849Z",7351,1.669,"low",117460992,"2024-10-14T21:14:49.582849Z",3.0,""
515,"2","2024-10-14T21:15:05.745692Z",7352,1.195,"low",25903104,"2024-10-14T21:15:05.745692Z",2.5,""
516,"2","2024-10-14T21:15:10.190856Z",7353,1.188,"high",58839040,"2024-10-14T21:15:10.190856Z",4.5,""
517,"2","2024-10-14T21:15:14.467714Z",7354,1.17,"high",163115008,"2024-10-14T21:15:14.467714Z",5.0,""
518,"2","2024-10-14T21:15:18.861838Z",7355,1.263,"medium",32050176,"2024-10-14T21:15:18.861838Z",4.0,""
519,"2","2024-10-14T21:15:23.087174Z",7356,1.669,"medium",508655616,"2024-10-14T21:15:23.087174Z",4.0,""
520,"2","2024-10-14T21:15:27.937708Z",7357,1.232,"medium",86984704,"2024-10-14T21:15:27.937708Z",4.0,""
521,"2","2024-10-14T21:15:31.981693Z",7358,1.327,"high",209787904,"2024-10-14T21:15:31.981693Z",4.5,""
522,"2","2024-10-14T21:15:36.154660Z",7359,1.068,"low",34455552,"2024-10-14T21:15:36.154660Z",0.0,""
523,"2","2024-10-14T21:15:40.954838Z",7360,0.933,"low",71529472,"2024-10-14T21:15:40.954838Z",3.0,""
524,"2","2024-10-14T21:15:45.905322Z",7361,1.652,"high",79643648,"2024-10-14T21:15:45.905322Z",4.5,""
525,"2","2024-10-14T21:15:50.544827Z",7362,1.36,"high",235259904,"2024-10-14T21:15:50.544827Z",4.5,""
526,"2","2024-10-14T21:15:54.817658Z",7363,1.354,"low",68433920,"2024-10-14T21:15:54.817658Z",2.0,""
527,"2","2024-10-14T21:15:59.517133Z",7364,1.562,"high",1824768,"2024-10-14T21:15:59.517133Z",4.5,""
528,"2","2024-10-14T21:16:04.189651Z",7365,1.819,"high",224086016,"2024-10-14T21:16:04.189651Z",4.5,""
529,"2","2024-10-14T21:16:09.111412Z",7366,1.28,"medium",121370624,"2024-10-14T21:16:09.111412Z",4.0,""
530,"2","2024-10-14T21:16:13.596084Z",7367,1.68,"medium",275680256,"2024-10-14T21:16:13.596084Z",4.0,""
531,"2","2024-10-14T21:16:18.298624Z",7368,1.237,"high",20885504,"2024-10-14T21:16:18.298624Z",4.5,""
532,"2","2024-10-14T21:16:22.582682Z",7369,1.4,"low",23057408,"2024-10-14T21:16:22.582682Z",0.0,""
533,"2","2024-10-14T21:16:26.641649Z",7370,1.143,"medium",112562176,"2024-10-14T21:16:26.641649Z",4.0,""
534,"2","2024-10-14T21:16:30.819195Z",7371,1.014,"high",120459264,"2024-10-14T21:16:30.819195Z",5.0,""
535,"2","2024-10-14T21:16:34.543825Z",7372,1.14,"medium",146830336,"2024-10-14T21:16:34.543825Z",4.0,""
536,"2","2024-10-14T21:16:38.659750Z",7373,1.172,"medium",15676416,"2024-10-14T21:16:38.659750Z",3.5,""
537,"2","2024-10-14T21:16:42.537475Z",7374,1.327,"medium",10735026,"2024-10-14T21:16:42.537475Z",4.0,""
538,"2","2024-10-14T21:16:47.240631Z",7375,1.159,"low",42460160,"2024-10-14T21:16:47.240631Z",2.5,""
539,"2","2024-10-14T21:16:52.123637Z",7376,1.743,"high",190519296,"2024-10-14T21:16:52.123637Z",4.5,""
540,"2","2024-10-14T21:16:56.366572Z",7377,1.475,"high",96586752,"2024-10-14T21:16:56.366572Z",5.0,""
541,"2","2024-10-14T21:17:00.403600Z",7378,0.936,"medium",148776960,"2024-10-14T21:17:00.403600Z",4.0,""
542,"2","2024-10-14T21:17:04.422599Z",7379,1.295,"low",33499136,"2024-10-14T21:17:04.422599Z",2.0,""
543,"2","2024-10-14T21:17:10.273122Z",7380,1.499,"high",30700544,"2024-10-14T21:17:10.273122Z",4.5,""
544,"2","2024-10-14T21:17:14.793593Z",7381,1.624,"medium",99517440,"2024-10-14T21:17:14.793593Z",4.0,""
545,"2","2024-10-14T21:17:19.439112Z",7382,0.904,"medium",270223360,"2024-10-14T21:17:19.439112Z",4.0,""
546,"2","2024-10-14T21:17:23.669578Z",7383,1.108,"high",86776832,"2024-10-14T21:17:23.669578Z",4.5,""
547,"2","2024-10-14T21:17:27.482576Z",7384,1.101,"low",371298304,"2024-10-14T21:17:27.482576Z",3.0,""
548,"2","2024-10-14T21:17:34.989570Z",7385,4.255,"high",125476864,"2024-10-14T21:17:34.989570Z",4.5,""
549,"2","2024-10-14T21:17:39.067110Z",7386,1.173,"high",458349568,"2024-10-14T21:17:39.067110Z",4.5,""
550,"2","2024-10-14T21:17:43.189580Z",7387,1.312,"high",912869376,"2024-10-14T21:17:43.189580Z",4.5,""
551,"2","2024-10-14T21:17:47.257352Z",7388,1.24,"high",285338624,"2024-10-14T21:17:47.257352Z",4.5,""
552,"2","2024-10-14T21:17:53.460582Z",7389,1.39,"medium",106115072,"2024-10-14T21:17:53.460582Z",4.0,""
553,"2","2024-10-14T21:17:58.306570Z",7390,1.326,"high",91650048,"2024-10-14T21:17:58.306570Z",4.5,""
554,"2","2024-10-14T21:18:01.793088Z",7391,1.394,"high",55441408,"2024-10-14T21:18:01.794088Z",4.5,""
555,"2","2024-10-14T21:18:06.712738Z",7392,1.675,"high",34342912,"2024-10-14T21:18:06.712738Z",4.5,""
556,"2","2024-10-14T21:18:10.796548Z",7393,1.304,"high",165360640,"2024-10-14T21:18:10.796548Z",4.5,""
557,"2","2024-10-14T21:18:15.583790Z",7394,1.454,"medium",153040896,"2024-10-14T21:18:15.583790Z",4.0,""
558,"2","2024-10-14T21:18:19.479539Z",7395,1.043,"medium",141408256,"2024-10-14T21:18:19.479539Z",4.0,""
559,"2","2024-10-14T21:18:23.236534Z",7396,1.387,"high",321376256,"2024-10-14T21:18:23.236534Z",4.5,""
560,"2","2024-10-14T21:18:27.081531Z",7397,1.171,"high",63964160,"2024-10-14T21:18:27.081531Z",5.0,""
561,"2","2024-10-14T21:18:31.295954Z",7398,1.402,"low",3115008,"2024-10-14T21:18:31.295954Z",0.0,""
562,"2","2024-10-14T21:18:35.930959Z",7399,1.982,"low",27424768,"2024-10-14T21:18:35.930959Z",0.0,""
563,"2","2024-10-14T21:18:40.446490Z",7400,1.21,"low",95245312,"2024-10-14T21:18:40.446490Z",0.0,""
564,"2","2024-10-14T21:18:44.655545Z",7401,1.271,"low",70096896,"2024-10-14T21:18:44.655545Z",3.0,""
565,"2","2024-10-14T21:18:49.145041Z",7402,1.08,"low",67259392,"2024-10-14T21:18:49.145041Z",0.0,""
566,"2","2024-10-14T21:18:52.897513Z",7403,1.143,"medium",161200128,"2024-10-14T21:18:52.897513Z",4.0,""
567,"2","2024-10-14T21:18:56.863538Z",7404,1.319,"high",117741568,"2024-10-14T21:18:56.863538Z",4.5,""
568,"2","2024-10-14T21:19:00.656015Z",7405,1.196,"high",337468416,"2024-10-14T21:19:00.657014Z",5.0,""
569,"2","2024-10-14T21:19:05.412546Z",7406,2.203,"low",4682752,"2024-10-14T21:19:05.412546Z",2.0,""
570,"2","2024-10-14T21:19:09.936029Z",7407,1.129,"medium",17457152,"2024-10-14T21:19:09.936029Z",3.5,""
571,"2","2024-10-14T21:19:14.338967Z",7408,1.533,"high",186402816,"2024-10-14T21:19:14.338967Z",4.5,""
572,"2","2024-10-14T21:19:18.873391Z",7409,1.229,"high",72770560,"2024-10-14T21:19:18.873391Z",4.5,""
573,"2","2024-10-14T21:19:22.512491Z",7410,1.258,"low",59480064,"2024-10-14T21:19:22.512491Z",2.0,""
574,"2","2024-10-14T21:19:27.095955Z",7411,1.583,"low",372767744,"2024-10-14T21:19:27.095955Z",2.5,""
575,"2","2024-10-14T21:19:31.632485Z",7412,1.808,"medium",62373888,"2024-10-14T21:19:31.632485Z",4.0,""
576,"2","2024-10-14T21:19:36.523494Z",7413,1.358,"low",77565952,"2024-10-14T21:19:36.523494Z",3.0,""
577,"2","2024-10-14T21:19:42.101527Z",7414,1.485,"medium",28518400,"2024-10-14T21:19:42.101527Z",3.5,""
578,"2","2024-10-14T21:19:47.118682Z",7415,1.373,"medium",121673728,"2024-10-14T21:19:47.118682Z",4.0,""
579,"2","2024-10-14T21:19:51.789229Z",7416,1.183,"high",264025088,"2024-10-14T21:19:51.789229Z",4.5,""
580,"2","2024-10-14T21:19:56.086483Z",7417,1.297,"medium",87201792,"2024-10-14T21:19:56.086483Z",4.0,""
581,"2","2024-10-14T21:20:00.257654Z",7418,0.878,"high",178887680,"2024-10-14T21:20:00.257654Z",4.5,""
582,"2","2024-10-14T21:20:05.059474Z",7419,1.565,"low",4303262,"2024-10-14T21:20:05.059474Z",1.5,""
583,"2","2024-10-14T21:20:08.974439Z",7420,1.176,"high",122281984,"2024-10-14T21:20:08.974439Z",4.5,""
584,"2","2024-10-14T21:20:13.825452Z",7421,1.091,"low",1044480,"2024-10-14T21:20:13.825452Z",1.0,""
585,"2","2024-10-14T21:20:18.556763Z",7422,1.578,"low",23534592,"2024-10-14T21:20:18.556763Z",0.0,""
586,"2","2024-10-14T21:20:23.004044Z",7423,1.423,"high",19860480,"2024-10-14T21:20:23.004044Z",4.5,""
587,"2","2024-10-14T21:20:29.317547Z",7424,1.822,"high",460804096,"2024-10-14T21:20:29.317547Z",4.5,""
588,"2","2024-10-14T21:20:33.008439Z",7425,1.251,"high",70149120,"2024-10-14T21:20:33.008439Z",4.5,""
589,"2","2024-10-14T21:20:39.142427Z",7426,1.143,"medium",272637952,"2024-10-14T21:20:39.142427Z",4.0,""
590,"2","2024-10-14T21:20:42.215431Z",7427,1.127,"medium",191382528,"2024-10-14T21:20:42.215431Z",4.0,""
591,"2","2024-10-14T21:20:46.143261Z",7428,1.227,"high",36992000,"2024-10-14T21:20:46.143261Z",4.5,""
592,"2","2024-10-14T21:20:50.047636Z",7429,1.03,"high",45799424,"2024-10-14T21:20:50.047636Z",5.0,""
593,"2","2024-10-14T21:20:53.742759Z",7430,1.362,"high",17436862,"2024-10-14T21:20:53.742759Z",4.5,""
594,"2","2024-10-14T21:20:57.495428Z",7431,1.181,"medium",30016512,"2024-10-14T21:20:57.495428Z",4.0,""
595,"2","2024-10-14T21:21:00.896496Z",7432,1.117,"medium",82697216,"2024-10-14T21:21:00.896496Z",3.5,""
596,"2","2024-10-14T21:21:04.997412Z",7433,1.304,"high",44402688,"2024-10-14T21:21:04.997412Z",4.5,""
597,"2","2024-10-14T21:21:09.512434Z",7434,1.408,"high",589824,"2024-10-14T21:21:09.513434Z",4.5,""
598,"2","2024-10-14T21:21:14.880431Z",7435,1.438,"low",120057856,"2024-10-14T21:21:14.880431Z",0.0,""
599,"2","2024-10-14T21:21:19.856639Z",7436,1.518,"high",100551680,"2024-10-14T21:21:19.856639Z",4.5,""
600,"2","2024-10-14T21:21:23.493399Z",7437,1.359,"medium",710486016,"2024-10-14T21:21:23.493399Z",4.0,""
601,"2","2024-10-14T21:21:30.813391Z",7438,1.163,"low",68797440,"2024-10-14T21:21:30.813391Z",3.0,""
602,"2","2024-10-14T21:21:34.982390Z",7439,1.196,"medium",934126592,"2024-10-14T21:21:34.982390Z",4.0,""
603,"2","2024-10-14T21:21:39.953373Z",7440,1.87,"medium",226242560,"2024-10-14T21:21:39.953373Z",4.0,""
604,"2","2024-10-14T21:21:45.911383Z",7441,1.374,"medium",160900096,"2024-10-14T21:21:45.911383Z",4.0,""
605,"2","2024-10-14T21:21:49.912386Z",7442,1.173,"medium",112668672,"2024-10-14T21:21:49.912386Z",4.0,""
606,"2","2024-10-14T21:21:53.781377Z",7443,1.122,"low",238636032,"2024-10-14T21:21:53.781377Z",0.0,""
607,"2","2024-10-14T21:21:59.628343Z",7444,1.606,"low",82129920,"2024-10-14T21:21:59.628343Z",3.0,""
608,"2","2024-10-14T21:22:03.638574Z",7445,1.636,"high",31147008,"2024-10-14T21:22:03.638574Z",4.5,""
609,"2","2024-10-14T21:22:08.517129Z",7446,1.41,"medium",949374976,"2024-10-14T21:22:08.517129Z",4.0,""
610,"2","2024-10-14T21:22:12.722417Z",7447,1.609,"low",18425856,"2024-10-14T21:22:12.722417Z",0.0,""
611,"2","2024-10-14T21:22:17.027367Z",7448,1.445,"medium",44275712,"2024-10-14T21:22:17.027367Z",3.5,""
612,"2","2024-10-14T21:22:21.085358Z",7449,1.098,"medium",171140096,"2024-10-14T21:22:21.085358Z",3.5,""
613,"2","2024-10-14T21:22:25.211397Z",7450,1.276,"medium",212642816,"2024-10-14T21:22:25.211397Z",4.0,""
614,"2","2024-10-14T21:22:29.468225Z",7451,1.397,"medium",51366912,"2024-10-14T21:22:29.468225Z",4.0,""
615,"2","2024-10-14T21:22:33.505554Z",7452,1.342,"high",3856588800,"2024-10-14T21:22:33.505554Z",4.5,""
616,"2","2024-10-14T21:22:37.704346Z",7453,1.575,"high",342845440,"2024-10-14T21:22:37.704346Z",4.5,""
617,"2","2024-10-14T21:22:41.873352Z",7454,1.665,"high",41485312,"2024-10-14T21:22:41.873352Z",5.0,""
619,"2","2024-10-14T21:23:20.790355Z",7455,3.815,"high",324028416,"2024-10-14T21:23:20.790355Z",4.5,""
620,"2","2024-10-14T21:23:25.344333Z",7456,1.592,"high",151109632,"2024-10-14T21:23:25.344333Z",4.5,""
621,"2","2024-10-14T21:23:29.628308Z",7457,1.025,"high",26137600,"2024-10-14T21:23:29.628308Z",4.5,""
622,"2","2024-10-14T21:23:33.517474Z",7458,1.222,"high",187652096,"2024-10-14T21:23:33.517474Z",4.5,""
623,"2","2024-10-14T21:23:37.697299Z",7459,1.298,"medium",51880960,"2024-10-14T21:23:37.697299Z",4.0,""
624,"2","2024-10-14T21:23:41.601277Z",7460,1.229,"low",43940864,"2024-10-14T21:23:41.601277Z",0.0,""
625,"2","2024-10-14T21:23:47.495321Z",7461,1.51,"high",77390848,"2024-10-14T21:23:47.495321Z",4.5,""
626,"2","2024-10-14T21:23:51.332372Z",7462,1.226,"high",106536960,"2024-10-14T21:23:51.332372Z",4.5,""
627,"2","2024-10-14T21:23:56.304874Z",7463,1.664,"high",70244352,"2024-10-14T21:23:56.304874Z",4.5,""
628,"2","2024-10-14T21:24:00.306293Z",7464,0.965,"medium",43502592,"2024-10-14T21:24:00.306293Z",3.5,""
629,"2","2024-10-14T21:24:04.361280Z",7465,1.47,"medium",141868032,"2024-10-14T21:24:04.361280Z",3.5,""
630,"2","2024-10-14T21:24:08.594212Z",7466,1.115,"medium",228882432,"2024-10-14T21:24:08.594212Z",4.0,""
631,"2","2024-10-14T21:24:12.896273Z",7467,1.182,"low",332871680,"2024-10-14T21:24:12.896273Z",2.5,""
632,"2","2024-10-14T21:24:18.605499Z",7468,1.972,"high",5851136,"2024-10-14T21:24:18.605499Z",4.5,""
633,"2","2024-10-14T21:24:22.920667Z",7469,1.35,"medium",85424128,"2024-10-14T21:24:22.920667Z",4.0,""
634,"2","2024-10-14T21:24:27.707299Z",7470,1.433,"high",268592128,"2024-10-14T21:24:27.707299Z",5.0,""
635,"2","2024-10-14T21:24:32.448533Z",7471,1.342,"medium",69079040,"2024-10-14T21:24:32.448533Z",4.0,""
636,"2","2024-10-14T21:24:36.970241Z",7472,1.207,"medium",132711424,"2024-10-14T21:24:36.970241Z",4.0,""
637,"2","2024-10-14T21:24:40.957212Z",7473,1.245,"medium",60976128,"2024-10-14T21:24:40.957212Z",3.5,""
638,"2","2024-10-14T21:24:44.628323Z",7474,1.086,"medium",82898944,"2024-10-14T21:24:44.628323Z",3.5,""
639,"2","2024-10-14T21:24:49.683243Z",7475,1.399,"high",293660672,"2024-10-14T21:24:49.683243Z",4.5,""
640,"2","2024-10-14T21:24:53.269272Z",7476,1.437,"high",6398976,"2024-10-14T21:24:53.269272Z",4.5,""
641,"2","2024-10-14T21:24:58.079244Z",7477,1.413,"low",485908480,"2024-10-14T21:24:58.079244Z",2.5,""
642,"2","2024-10-14T21:25:02.645241Z",7478,1.117,"low",325997568,"2024-10-14T21:25:02.645241Z",0.0,""
643,"2","2024-10-14T21:25:07.792225Z",7479,1.685,"high",106917888,"2024-10-14T21:25:07.792225Z",4.5,""
644,"2","2024-10-14T21:25:11.678249Z",7480,1.228,"medium",174268416,"2024-10-14T21:25:11.678249Z",4.0,""
645,"2","2024-10-14T21:25:15.782250Z",7481,1.386,"low",14366720,"2024-10-14T21:25:15.782250Z",0.0,""
646,"2","2024-10-14T21:25:19.552223Z",7482,1.241,"medium",63974400,"2024-10-14T21:25:19.552223Z",4.0,""
647,"2","2024-10-14T21:25:24.710406Z",7483,2.566,"high",35807232,"2024-10-14T21:25:24.710406Z",4.5,""
648,"2","2024-10-14T21:25:29.925251Z",7484,1.473,"medium",395749376,"2024-10-14T21:25:29.925251Z",4.0,""
649,"2","2024-10-14T21:25:33.713242Z",7485,1.429,"high",68153344,"2024-10-14T21:25:33.713242Z",4.5,""
650,"2","2024-10-14T21:25:38.141277Z",7486,1.623,"high",166803456,"2024-10-14T21:25:38.141277Z",4.5,""
651,"2","2024-10-14T21:25:41.964214Z",7487,1.29,"low",390078464,"2024-10-14T21:25:41.964214Z",0.0,""
652,"2","2024-10-14T21:25:46.615235Z",7488,1.815,"medium",55676928,"2024-10-14T21:25:46.615235Z",4.0,""
653,"2","2024-10-14T21:25:50.270198Z",7489,0.869,"medium",147377152,"2024-10-14T21:25:50.270198Z",4.0,""
654,"2","2024-10-14T21:25:54.685222Z",7490,1.523,"high",106427392,"2024-10-14T21:25:54.685222Z",4.5,""
655,"2","2024-10-14T21:25:58.966154Z",7491,1.169,"high",1178562560,"2024-10-14T21:25:58.966154Z",4.5,""
656,"2","2024-10-14T21:26:02.630199Z",7492,1.532,"high",75766784,"2024-10-14T21:26:02.630199Z",4.5,""
657,"2","2024-10-14T21:26:06.761381Z",7493,1.197,"high",666117120,"2024-10-14T21:26:06.761381Z",4.5,""
658,"2","2024-10-14T21:26:11.313211Z",7494,0.956,"high",161695744,"2024-10-14T21:26:11.313211Z",4.5,""
659,"2","2024-10-14T21:26:15.619180Z",7495,1.38,"medium",107710464,"2024-10-14T21:26:15.619180Z",3.5,""
660,"2","2024-10-14T21:26:19.417178Z",7496,1.081,"medium",138093568,"2024-10-14T21:26:19.417178Z",4.0,""
661,"2","2024-10-14T21:26:23.914212Z",7497,1.529,"low",16292864,"2024-10-14T21:26:23.914212Z",2.5,""
662,"2","2024-10-14T21:26:27.615089Z",7498,1.242,"low",91060224,"2024-10-14T21:26:27.615089Z",3.0,""
663,"2","2024-10-14T21:26:31.730168Z",7499,1.037,"low",98942976,"2024-10-14T21:26:31.730168Z",2.0,""
664,"2","2024-10-14T21:26:36.547981Z",7500,1.787,"high",63283200,"2024-10-14T21:26:36.547981Z",4.5,""
665,"2","2024-10-14T21:26:41.721160Z",7501,0.944,"medium",83994624,"2024-10-14T21:26:41.721160Z",4.0,""
666,"2","2024-10-14T21:26:46.427717Z",7502,1.652,"medium",446949376,"2024-10-14T21:26:46.427717Z",4.0,""
667,"2","2024-10-14T21:26:55.879080Z",7503,1.261,"low",49645568,"2024-10-14T21:26:55.879080Z",0.0,""
668,"2","2024-10-14T21:26:59.768161Z",7504,0.958,"high",56849408,"2024-10-14T21:26:59.768161Z",4.5,""
669,"2","2024-10-14T21:27:03.437144Z",7505,1.095,"medium",2318708736,"2024-10-14T21:27:03.437144Z",3.5,""
670,"2","2024-10-14T21:27:07.216144Z",7506,1.288,"high",30650368,"2024-10-14T21:27:07.216144Z",4.5,""
671,"2","2024-10-14T21:27:11.185139Z",7507,1.046,"high",113509376,"2024-10-14T21:27:11.185139Z",5.0,""
672,"2","2024-10-14T21:27:16.517160Z",7508,1.598,"high",33743872,"2024-10-14T21:27:16.517160Z",4.5,""
673,"2","2024-10-14T21:27:20.730164Z",7509,1.007,"low",208309248,"2024-10-14T21:27:20.730164Z",3.0,""
674,"2","2024-10-14T21:27:25.009155Z",7510,1.282,"low",41596928,"2024-10-14T21:27:25.009155Z",3.0,""
675,"2","2024-10-14T21:27:31.102126Z",7511,0.876,"medium",37760000,"2024-10-14T21:27:31.102126Z",4.0,""
676,"2","2024-10-14T21:27:35.153626Z",7512,1.192,"medium",85362688,"2024-10-14T21:27:35.153626Z",4.0,""
677,"2","2024-10-14T21:27:39.250114Z",7513,1.055,"medium",157679616,"2024-10-14T21:27:39.250114Z",4.0,""
678,"2","2024-10-14T21:27:42.589942Z",7514,1.219,"low",403332096,"2024-10-14T21:27:42.589942Z",0.0,""
679,"2","2024-10-14T21:27:46.404113Z",7515,1.47,"high",132968448,"2024-10-14T21:27:46.404113Z",4.5,""
680,"2","2024-10-14T21:27:50.851125Z",7516,1.028,"low",241339392,"2024-10-14T21:27:50.851125Z",0.0,""
681,"2","2024-10-14T21:27:55.525135Z",7517,1.275,"high",111938560,"2024-10-14T21:27:55.526132Z",4.5,""
682,"2","2024-10-14T21:27:59.387792Z",7518,1.121,"medium",54776832,"2024-10-14T21:27:59.387792Z",4.0,""
683,"2","2024-10-14T21:28:03.409121Z",7519,1.828,"medium",115707904,"2024-10-14T21:28:03.409121Z",4.0,""
684,"2","2024-10-14T21:28:07.067098Z",7520,1.104,"medium",56923703,"2024-10-14T21:28:07.068098Z",4.0,""
685,"2","2024-10-14T21:28:12.368281Z",7521,1.378,"low",80323584,"2024-10-14T21:28:12.368281Z",0.0,""
686,"2","2024-10-14T21:28:16.503089Z",7522,1.584,"low",42312704,"2024-10-14T21:28:16.503089Z",0.0,""
687,"2","2024-10-14T21:28:20.545089Z",7523,0.925,"medium",87481344,"2024-10-14T21:28:20.545089Z",4.0,""
688,"2","2024-10-14T21:28:28.756142Z",7524,1.76,"high",232399872,"2024-10-14T21:28:28.756142Z",4.5,""
689,"2","2024-10-14T21:28:33.820090Z",7525,1.365,"high",24354816,"2024-10-14T21:28:33.820090Z",4.5,""
690,"2","2024-10-14T21:28:39.127788Z",7526,2.071,"low",2158592,"2024-10-14T21:28:39.127788Z",2.5,""
618,"2","2024-10-14T21:22:55.943269Z",7527,4.165,"high",47585280,"2024-10-14T21:22:55.943269Z",4.5,""
691,"2","2024-10-14T21:28:44.859070Z",7528,1.242,"medium",726392832,"2024-10-14T21:28:44.859070Z",4.0,""
692,"2","2024-10-14T21:28:49.489060Z",7529,1.336,"medium",148507648,"2024-10-14T21:28:49.489060Z",4.0,""
693,"2","2024-10-14T21:28:53.330000Z",7530,1.553,"low",184324096,"2024-10-14T21:28:53.330000Z",0.0,""
694,"2","2024-10-14T21:28:57.485914Z",7531,1.279,"high",89677824,"2024-10-14T21:28:57.485914Z",5.0,""
695,"2","2024-10-14T21:29:01.192060Z",7532,1.271,"high",136354816,"2024-10-14T21:29:01.192060Z",4.5,""
696,"2","2024-10-14T21:29:06.161057Z",7533,2.549,"low",35182592,"2024-10-14T21:29:06.162053Z",2.5,""
697,"2","2024-10-14T21:29:10.335585Z",7534,1.234,"high",112036864,"2024-10-14T21:29:10.335585Z",4.5,""
698,"2","2024-10-14T21:29:13.615048Z",7535,1.164,"medium",11083776,"2024-10-14T21:29:13.615048Z",3.5,""
699,"2","2024-10-14T21:29:18.021047Z",7536,1.218,"medium",136184832,"2024-10-14T21:29:18.021047Z",4.0,""
700,"2","2024-10-14T21:29:22.013072Z",7537,1.141,"low",16487424,"2024-10-14T21:29:22.013072Z",0.0,""
701,"2","2024-10-14T21:29:26.031047Z",7538,1.231,"low",44208128,"2024-10-14T21:29:26.031047Z",0.0,""
702,"2","2024-10-14T21:29:30.036038Z",7539,0.844,"medium",222483456,"2024-10-14T21:29:30.036038Z",4.0,""
703,"2","2024-10-14T21:29:34.050043Z",7540,1.331,"high",142196736,"2024-10-14T21:29:34.050043Z",4.5,""
704,"2","2024-10-14T21:29:37.690054Z",7541,1.126,"low",106643456,"2024-10-14T21:29:37.690054Z",0.0,""
705,"2","2024-10-14T21:29:41.939822Z",7542,1.806,"low",82789376,"2024-10-14T21:29:41.939822Z",0.0,""
706,"2","2024-10-14T21:29:45.907028Z",7543,1.274,"high",74435584,"2024-10-14T21:29:45.907028Z",5.0,""
707,"2","2024-10-14T21:29:50.660062Z",7544,1.469,"medium",138738688,"2024-10-14T21:29:50.660062Z",4.0,""
708,"2","2024-10-14T21:29:56.028018Z",7545,1.668,"high",172691456,"2024-10-14T21:29:56.028018Z",4.5,""
709,"2","2024-10-14T21:30:00.357021Z",7546,1.468,"high",175606784,"2024-10-14T21:30:00.357021Z",4.5,""
710,"2","2024-10-14T21:30:06.667495Z",7547,1.588,"high",91105280,"2024-10-14T21:30:06.668494Z",4.5,""
711,"2","2024-10-14T21:30:10.554004Z",7548,0.965,"high",226961408,"2024-10-14T21:30:10.554004Z",4.5,""
712,"2","2024-10-14T21:30:14.062027Z",7549,1.126,"high",685733888,"2024-10-14T21:30:14.062027Z",4.5,""
713,"2","2024-10-14T21:30:17.895000Z",7550,1.24,"medium",218329088,"2024-10-14T21:30:17.895000Z",4.0,""
714,"2","2024-10-14T21:30:21.266673Z",7551,0.966,"low",413392896,"2024-10-14T21:30:21.266673Z",3.0,""
715,"2","2024-10-14T21:30:25.150993Z",7552,1.518,"high",48819200,"2024-10-14T21:30:25.150993Z",5.0,""
716,"2","2024-10-14T21:30:29.321245Z",7553,1.152,"high",96872448,"2024-10-14T21:30:29.321245Z",4.5,""
717,"2","2024-10-14T21:30:33.545988Z",7554,1.519,"medium",21010210,"2024-10-14T21:30:33.545988Z",4.0,""
718,"2","2024-10-14T21:30:37.319042Z",7555,1.38,"low",408755200,"2024-10-14T21:30:37.319042Z",2.5,""
719,"2","2024-10-14T21:30:42.115980Z",7556,1.495,"low",83575808,"2024-10-14T21:30:42.115980Z",3.0,""
720,"2","2024-10-14T21:30:47.100155Z",7557,1.747,"medium",30601216,"2024-10-14T21:30:47.100155Z",3.5,""
