"annotation_id","annotator","created_at","id","label1_user_rating","label2_size_bytes","lead_time","prime_genre","sentiment","size_bytes","updated_at","user_rating"
1,"2","2024-10-14T17:02:43.368814Z",1,"medium","large",3.995,"Games","medium",100788224,"2024-10-14T17:02:43.368814Z",4.0
2,"2","2024-10-14T17:02:57.178035Z",2,"medium","large",1.788,"Productivity","medium",158578688,"2024-10-14T17:02:57.178035Z",4.0
3,"2","2024-10-14T17:03:07.306554Z",3,"medium","large",2.487,"Weather","medium",100524032,"2024-10-14T17:03:07.306554Z",3.5
4,"2","2024-10-14T17:03:21.007048Z",4,"medium","large",1.938,"Shopping","medium",128512000,"2024-10-14T17:03:21.007048Z",4.0
5,"2","2024-10-14T17:03:28.310758Z",5,"high","medium",2.304,"Reference","high",92774400,"2024-10-14T17:03:28.310758Z",4.5
6,"2","2024-10-14T17:03:34.868953Z",6,"medium","medium",1.583,"Games","medium",10485713,"2024-10-14T17:03:34.868953Z",4.0
7,"2","2024-10-14T17:03:41.802896Z",7,"medium","large",1.843,"Finance","medium",227795968,"2024-10-14T17:03:41.802896Z",4.0
8,"2","2024-10-14T17:03:48.613011Z",8,"medium","large",1.715,"Music","medium",130242560,"2024-10-14T17:03:48.613011Z",4.0
9,"2","2024-10-14T17:03:55.096677Z",9,"high","medium",1.632,"Utilities","high",49250304,"2024-10-14T17:03:55.096677Z",4.5
10,"2","2024-10-14T17:04:00.556967Z",10,"medium","medium",1.669,"Games","medium",70023168,"2024-10-14T17:04:00.556967Z",4.0
11,"2","2024-10-14T17:04:06.665004Z",11,"high","medium",1.982,"Games","high",49618944,"2024-10-14T17:04:06.665004Z",4.5
12,"2","2024-10-14T17:04:12.397274Z",12,"medium","large",1.468,"Games","medium",227547136,"2024-10-14T17:04:12.397274Z",3.5
13,"2","2024-10-14T17:04:18.032950Z",13,"medium","large",1.831,"Utilities","medium",179979264,"2024-10-14T17:04:18.032950Z",3.5
14,"2","2024-10-14T17:04:24.097658Z",14,"medium","large",1.65,"Finance","medium",160925696,"2024-10-14T17:04:24.097658Z",3.5
15,"2","2024-10-14T17:04:45.485972Z",15,"high","medium",10.112,"Games","high",55153664,"2024-10-14T17:04:45.485972Z",4.5
16,"2","2024-10-14T17:04:51.971951Z",16,"medium","large",1.678,"Travel","medium",207907840,"2024-10-14T17:04:51.971951Z",4.0
17,"2","2024-10-14T17:04:57.104925Z",17,"medium","large",1.542,"Social Networking","medium",389879808,"2024-10-14T17:04:57.104925Z",3.5
18,"2","2024-10-14T17:05:02.104091Z",18,"medium","large",1.683,"Travel","medium",167407616,"2024-10-14T17:05:02.104091Z",4.0
19,"2","2024-10-14T17:05:07.571339Z",19,"medium","large",1.698,"Music","medium",147093504,"2024-10-14T17:05:07.571339Z",4.0
20,"2","2024-10-14T17:05:14.977118Z",20,"medium","medium",1.873,"Games","medium",10735026,"2024-10-14T17:05:14.977118Z",4.0
21,"2","2024-10-14T17:05:22.096354Z",21,"high","medium",1.822,"Reference","high",70707916,"2024-10-14T17:05:22.096354Z",4.5
22,"2","2024-10-14T17:05:27.054911Z",22,"high","small",1.663,"Games","high",6169600,"2024-10-14T17:05:27.054911Z",5.0
23,"2","2024-10-14T17:05:32.236920Z",23,"medium","large",1.35,"Sports","medium",130583552,"2024-10-14T17:05:32.236920Z",4.0
24,"2","2024-10-14T17:05:37.018893Z",24,"high","medium",1.537,"Business","high",71203840,"2024-10-14T17:05:37.018893Z",4.5
25,"2","2024-10-14T17:05:48.304882Z",25,"medium","medium",1.754,"Music","medium",11423008,"2024-10-14T17:05:48.304882Z",4.0
26,"2","2024-10-14T17:05:53.814889Z",26,"medium","large",1.431,"Health & Fitness","medium",188017664,"2024-10-14T17:05:53.814889Z",3.5
27,"2","2024-10-14T17:05:58.628877Z",27,"low","small",1.437,"Games","low",4765696,"2024-10-14T17:05:58.628877Z",3.0
28,"2","2024-10-14T17:06:06.283868Z",28,"medium","large",1.665,"Productivity","medium",287933440,"2024-10-14T17:06:06.283868Z",3.5
29,"2","2024-10-14T17:06:14.654912Z",29,"medium","small",1.541,"Music","medium",4263936,"2024-10-14T17:06:14.654912Z",4.0
30,"2","2024-10-14T17:06:19.823783Z",30,"medium","large",1.375,"Weather","medium",172772352,"2024-10-14T17:06:19.823783Z",4.0
31,"2","2024-10-14T17:06:24.558883Z",31,"medium","large",1.309,"Social Networking","medium",273844224,"2024-10-14T17:06:24.558883Z",3.5
32,"2","2024-10-14T17:06:30.275738Z",32,"high","medium",1.502,"Health & Fitness","high",40216576,"2024-10-14T17:06:30.275738Z",4.5
33,"2","2024-10-14T17:06:35.672824Z",33,"low","small",1.75,"Entertainment","low",2386944,"2024-10-14T17:06:35.672824Z",3.0
34,"2","2024-10-14T17:06:40.687062Z",34,"medium","large",1.198,"Games","medium",105431040,"2024-10-14T17:06:40.687062Z",3.5
35,"2","2024-10-14T17:06:45.636841Z",35,"medium","medium",1.384,"Health & Fitness","medium",44129280,"2024-10-14T17:06:45.636841Z",4.0
36,"2","2024-10-14T17:06:50.740284Z",36,"medium","large",1.909,"Music","medium",116443136,"2024-10-14T17:06:50.740284Z",4.0
37,"2","2024-10-14T17:06:56.317218Z",37,"medium","small",1.602,"Entertainment","medium",1646592,"2024-10-14T17:06:56.317218Z",3.5
38,"2","2024-10-14T17:07:01.708853Z",38,"medium","medium",1.42,"Utilities","medium",30016512,"2024-10-14T17:07:01.708853Z",4.0
39,"2","2024-10-14T17:07:07.496858Z",39,"high","medium",2.426,"Weather","high",29518848,"2024-10-14T17:07:07.496858Z",4.5
40,"2","2024-10-14T17:07:13.229687Z",40,"medium","medium",1.693,"Games","medium",66872320,"2024-10-14T17:07:13.229687Z",4.0
41,"2","2024-10-14T17:07:19.233569Z",41,"high","medium",1.852,"Photo & Video","high",45229056,"2024-10-14T17:07:19.233569Z",4.5
42,"2","2024-10-14T17:07:24.837221Z",42,"low","large",1.835,"Music","low",127470592,"2024-10-14T17:07:24.837221Z",3.0
43,"2","2024-10-14T17:07:30.199795Z",43,"medium","medium",1.372,"Navigation","medium",44241920,"2024-10-14T17:07:30.199795Z",3.5
44,"2","2024-10-14T17:07:34.857737Z",44,"high","large",5.128,"Music","high",107983872,"2024-10-14T17:07:38.797646Z",4.5
45,"2","2024-10-14T17:07:45.022997Z",45,"low","small",1.954,"Navigation","low",8044544,"2024-10-14T17:07:45.022997Z",3.0
46,"2","2024-10-14T17:12:04.594796Z",46,"medium","medium",1.993,"Travel","medium",37214208,"2024-10-14T17:12:04.594796Z",3.5
47,"2","2024-10-14T17:12:10.806982Z",47,"low","medium",1.631,"Entertainment","low",60320768,"2024-10-14T17:12:10.806982Z",3.0
48,"2","2024-10-14T17:12:15.503597Z",48,"low","large",1.457,"Games","low",100849664,"2024-10-14T17:12:15.503597Z",3.0
49,"2","2024-10-14T17:12:20.725641Z",49,"low","medium",1.363,"Sports","low",72748032,"2024-10-14T17:12:20.725641Z",3.0
50,"2","2024-10-14T17:12:27.228584Z",50,"medium","medium",1.434,"Games","medium",32164864,"2024-10-14T17:12:27.228584Z",4.0
51,"2","2024-10-14T17:12:31.873819Z",51,"medium","medium",1.383,"Weather","medium",69079040,"2024-10-14T17:12:31.873819Z",4.0
52,"2","2024-10-14T17:12:37.598195Z",52,"low","medium",1.517,"Business","low",82037760,"2024-10-14T17:12:37.598195Z",3.0
53,"2","2024-10-14T17:12:43.759985Z",53,"high","large",2.013,"Education","high",150195200,"2024-10-14T17:12:43.759985Z",4.5
54,"2","2024-10-14T17:12:50.123450Z",54,"medium","large",1.481,"Weather","medium",199734272,"2024-10-14T17:12:50.123450Z",3.5
55,"2","2024-10-14T17:12:54.538005Z",55,"low","medium",1.486,"Lifestyle","low",13156352,"2024-10-14T17:12:54.538005Z",3.0
56,"2","2024-10-14T17:13:00.562187Z",56,"medium","medium",1.274,"Lifestyle","medium",30367744,"2024-10-14T17:13:00.562187Z",3.5
57,"2","2024-10-14T17:13:06.222504Z",57,"high","medium",1.713,"Food & Drink","high",93420544,"2024-10-14T17:13:06.222504Z",4.5
58,"2","2024-10-14T17:13:11.445560Z",58,"medium","medium",1.217,"Entertainment","medium",31505408,"2024-10-14T17:13:11.445560Z",4.0
59,"2","2024-10-14T17:13:17.144729Z",59,"medium","medium",1.278,"Education","medium",25997312,"2024-10-14T17:13:17.144729Z",4.0
60,"2","2024-10-14T17:13:22.103912Z",60,"medium","large",1.471,"Health & Fitness","medium",182054912,"2024-10-14T17:13:22.103912Z",4.0
61,"2","2024-10-14T17:13:26.936542Z",61,"low","large",1.264,"Shopping","low",138754048,"2024-10-14T17:13:26.936542Z",3.0
62,"2","2024-10-14T17:13:32.563746Z",62,"medium","medium",1.309,"Games","medium",13564835,"2024-10-14T17:13:32.563746Z",3.5
63,"2","2024-10-14T17:13:37.252542Z",63,"medium","large",1.243,"Shopping","medium",133688320,"2024-10-14T17:13:37.252542Z",3.5
64,"2","2024-10-14T17:13:42.175553Z",64,"medium","medium",1.443,"Games","medium",55205888,"2024-10-14T17:13:42.175553Z",4.0
65,"2","2024-10-14T17:13:47.520581Z",65,"low","medium",1.626,"Utilities","low",46922752,"2024-10-14T17:13:47.520581Z",3.0
66,"2","2024-10-14T17:13:54.761544Z",66,"high","medium",1.818,"Music","high",63283200,"2024-10-14T17:13:54.761544Z",4.5
67,"2","2024-10-14T17:13:59.226517Z",67,"medium","medium",1.24,"Music","medium",53426176,"2024-10-14T17:13:59.226517Z",3.5
68,"2","2024-10-14T17:14:03.788050Z",68,"high","medium",1.49,"Finance","high",39505920,"2024-10-14T17:14:03.788050Z",4.5
69,"2","2024-10-14T17:14:08.056812Z",69,"high","large",1.433,"Reference","high",210088960,"2024-10-14T17:14:08.056812Z",4.5
70,"2","2024-10-14T17:14:13.594517Z",70,"medium","medium",1.231,"Food & Drink","medium",36399104,"2024-10-14T17:14:13.594517Z",3.5
71,"2","2024-10-14T17:14:18.387924Z",71,"medium","large",1.371,"News","medium",115143680,"2024-10-14T17:14:18.387924Z",3.5
72,"2","2024-10-14T17:14:26.686936Z",72,"medium","medium",2.06,"Navigation","medium",56481792,"2024-10-14T17:14:26.686936Z",3.5
73,"2","2024-10-14T17:14:32.269511Z",73,"medium","large",1.535,"Weather","medium",181941248,"2024-10-14T17:14:32.269511Z",3.5
74,"2","2024-10-14T17:14:36.724674Z",74,"medium","large",1.227,"Finance","medium",162891776,"2024-10-14T17:14:36.724674Z",4.0
75,"2","2024-10-14T17:14:42.304422Z",75,"low","medium",1.176,"News","low",98108416,"2024-10-14T17:14:42.304422Z",3.0
76,"2","2024-10-14T17:14:47.491477Z",76,"medium","medium",1.973,"Utilities","medium",54088704,"2024-10-14T17:14:47.491477Z",3.5
77,"2","2024-10-14T17:14:52.407979Z",77,"medium","medium",1.347,"Education","medium",50155520,"2024-10-14T17:14:52.407979Z",4.0
78,"2","2024-10-14T17:14:57.005496Z",78,"medium","medium",1.28,"Utilities","medium",23936000,"2024-10-14T17:14:57.005496Z",3.5
79,"2","2024-10-14T17:15:02.096232Z",79,"medium","large",1.162,"Entertainment","medium",145293312,"2024-10-14T17:15:02.096232Z",4.0
80,"2","2024-10-14T17:15:07.324933Z",80,"medium","large",1.217,"Health & Fitness","medium",140367872,"2024-10-14T17:15:07.324933Z",3.5
81,"2","2024-10-14T17:15:12.522469Z",81,"medium","large",1.444,"Finance","medium",281244672,"2024-10-14T17:15:12.522469Z",3.5
82,"2","2024-10-14T17:15:17.731492Z",82,"high","medium",1.307,"Games","high",66695168,"2024-10-14T17:15:17.731492Z",4.5
83,"2","2024-10-14T17:15:22.767959Z",83,"medium","large",1.416,"Book","medium",169747456,"2024-10-14T17:15:22.767959Z",3.5
84,"2","2024-10-14T17:15:27.794484Z",84,"medium","medium",1.585,"Games","medium",41691136,"2024-10-14T17:15:27.794484Z",4.0
85,"2","2024-10-14T17:15:33.058467Z",85,"medium","large",1.639,"Finance","medium",122886144,"2024-10-14T17:15:33.058467Z",3.5
86,"2","2024-10-14T17:15:40.279815Z",86,"high","medium",1.505,"Games","high",55803904,"2024-10-14T17:15:40.279815Z",4.5
87,"2","2024-10-14T17:15:46.075434Z",87,"low","large",2.755,"Games","low",188956672,"2024-10-14T17:15:46.075434Z",2.0
88,"2","2024-10-14T17:15:52.098432Z",88,"high","medium",1.214,"Music","high",22185984,"2024-10-14T17:15:52.098432Z",4.5
89,"2","2024-10-14T17:15:56.981447Z",89,"high","medium",1.504,"Games","high",66160640,"2024-10-14T17:15:56.981447Z",4.5
90,"2","2024-10-14T17:16:01.886425Z",90,"medium","medium",1.092,"Photo & Video","medium",28135424,"2024-10-14T17:16:01.886425Z",4.0
91,"2","2024-10-14T17:16:07.085422Z",91,"medium","medium",1.445,"Games","medium",27962441,"2024-10-14T17:16:07.085422Z",4.0
92,"2","2024-10-14T17:16:12.187619Z",92,"medium","large",1.092,"Social Networking","medium",133238784,"2024-10-14T17:16:12.187619Z",3.5
93,"2","2024-10-14T17:16:18.637694Z",93,"medium","large",1.401,"Social Networking","medium",151573504,"2024-10-14T17:16:18.637694Z",4.0
94,"2","2024-10-14T17:16:23.498444Z",94,"medium","medium",1.396,"Photo & Video","medium",27069440,"2024-10-14T17:16:23.498444Z",3.5
95,"2","2024-10-14T17:16:28.139873Z",95,"low","large",1.298,"Social Networking","low",101259264,"2024-10-14T17:16:28.139873Z",3.0
96,"2","2024-10-14T17:16:32.595845Z",96,"medium","large",1.683,"Games","medium",168192000,"2024-10-14T17:16:32.595845Z",4.0
97,"2","2024-10-14T17:16:37.232398Z",97,"medium","medium",1.084,"Finance","medium",17485824,"2024-10-14T17:16:37.232398Z",3.5
98,"2","2024-10-14T17:16:42.058421Z",98,"low","small",1.536,"Weather","low",5234688,"2024-10-14T17:16:42.058421Z",2.5
99,"2","2024-10-14T17:16:47.503422Z",99,"high","large",1.752,"Health & Fitness","high",237913088,"2024-10-14T17:16:47.503422Z",4.5
100,"2","2024-10-14T17:16:52.110386Z",100,"high","large",1.184,"Health & Fitness","high",233513984,"2024-10-14T17:16:52.110386Z",4.5
101,"2","2024-10-14T17:16:57.804589Z",101,"low","large",2.215,"News","low",110420992,"2024-10-14T17:16:57.804589Z",3.0
102,"2","2024-10-14T17:17:03.541323Z",102,"medium","medium",1.629,"Games","medium",47774720,"2024-10-14T17:17:03.541323Z",4.0
103,"2","2024-10-14T17:17:08.129383Z",103,"medium","medium",1.202,"Games","medium",22259712,"2024-10-14T17:17:08.129383Z",3.5
104,"2","2024-10-14T17:17:13.365372Z",104,"high","large",1.54,"Games","high",431771648,"2024-10-14T17:17:13.365372Z",4.5
105,"2","2024-10-14T17:17:17.778368Z",105,"low","large",1.211,"Sports","low",120357888,"2024-10-14T17:17:17.778368Z",3.0
106,"2","2024-10-14T17:17:22.965363Z",106,"medium","medium",1.531,"Health & Fitness","medium",90828800,"2024-10-14T17:17:22.965363Z",4.0
107,"2","2024-10-14T17:17:28.099951Z",107,"low","medium",1.955,"Photo & Video","low",30796800,"2024-10-14T17:17:28.099951Z",3.0
108,"2","2024-10-14T17:17:32.671382Z",108,"medium","large",1.405,"Entertainment","medium",151397376,"2024-10-14T17:17:32.671382Z",3.5
109,"2","2024-10-14T17:17:37.189405Z",109,"medium","medium",1.247,"Games","medium",46880768,"2024-10-14T17:17:37.189405Z",3.5
110,"2","2024-10-14T17:17:42.375374Z",110,"high","medium",1.368,"Games","high",48741376,"2024-10-14T17:17:42.375374Z",4.5
111,"2","2024-10-14T17:17:46.693368Z",111,"high","medium",1.338,"Utilities","high",17145856,"2024-10-14T17:17:46.693368Z",4.5
112,"2","2024-10-14T17:17:50.762343Z",112,"low","medium",1.152,"Entertainment","low",25808896,"2024-10-14T17:17:50.762343Z",3.0
113,"2","2024-10-14T17:17:55.672372Z",113,"medium","medium",1.265,"Entertainment","medium",81924096,"2024-10-14T17:17:55.672372Z",4.0
114,"2","2024-10-14T17:18:00.157334Z",114,"medium","medium",1.623,"Utilities","medium",19451904,"2024-10-14T17:18:00.157334Z",4.0
115,"2","2024-10-14T17:18:07.638782Z",115,"medium","large",2.172,"Games","medium",118683648,"2024-10-14T17:18:07.638782Z",4.0
116,"2","2024-10-14T17:18:13.114610Z",116,"medium","large",1.216,"Education","medium",723764224,"2024-10-14T17:18:13.114610Z",4.0
117,"2","2024-10-14T17:18:17.261500Z",117,"medium","large",1.061,"Reference","medium",111275008,"2024-10-14T17:18:17.261500Z",4.0
118,"2","2024-10-14T17:18:21.463321Z",118,"medium","large",1.245,"News","medium",109616128,"2024-10-14T17:18:21.463321Z",3.5
119,"2","2024-10-14T17:18:25.749373Z",119,"high","large",1.506,"Sports","high",120725504,"2024-10-14T17:18:25.749373Z",4.5
120,"2","2024-10-14T17:18:29.766134Z",120,"low","medium",1.516,"Utilities","low",68491264,"2024-10-14T17:18:29.767136Z",3.0
121,"2","2024-10-14T17:18:34.993717Z",121,"low","large",1.492,"Entertainment","low",122153984,"2024-10-14T17:18:34.993717Z",3.0
122,"2","2024-10-14T17:18:39.554042Z",122,"medium","large",1.387,"Photo & Video","medium",122315776,"2024-10-14T17:18:39.554042Z",4.0
123,"2","2024-10-14T17:18:45.615754Z",123,"medium","medium",1.414,"Games","medium",17010688,"2024-10-14T17:18:45.615754Z",3.5
124,"2","2024-10-14T17:18:52.221671Z",124,"medium","small",1.307,"Business","medium",3691520,"2024-10-14T17:18:52.221671Z",4.0
125,"2","2024-10-14T17:18:56.937338Z",125,"medium","medium",1.437,"Games","medium",31387648,"2024-10-14T17:18:56.937338Z",4.0
126,"2","2024-10-14T17:19:02.965289Z",126,"high","large",1.535,"Social Networking","high",135044096,"2024-10-14T17:19:02.965289Z",4.5
127,"2","2024-10-14T17:19:06.820315Z",127,"medium","medium",1.044,"Productivity","medium",55815168,"2024-10-14T17:19:06.820315Z",4.0
128,"2","2024-10-14T17:19:11.424916Z",128,"high","large",1.689,"Lifestyle","high",132632576,"2024-10-14T17:19:11.424916Z",4.5
129,"2","2024-10-14T17:19:16.424303Z",129,"medium","large",1.427,"Games","medium",270729216,"2024-10-14T17:19:16.424303Z",4.0
130,"2","2024-10-14T17:19:22.978711Z",130,"high","medium",1.708,"Games","high",39827456,"2024-10-14T17:19:22.978711Z",4.5
131,"2","2024-10-14T17:19:27.628777Z",131,"low","medium",1.181,"Finance","low",57328640,"2024-10-14T17:19:27.628777Z",3.0
132,"2","2024-10-14T17:19:32.563444Z",132,"high","medium",1.329,"Music","high",40717312,"2024-10-14T17:19:32.563444Z",4.5
133,"2","2024-10-14T17:19:40.381446Z",133,"high","large",1.483,"Productivity","high",141136896,"2024-10-14T17:19:40.381446Z",4.5
134,"2","2024-10-14T17:19:45.350685Z",134,"high","large",1.377,"Games","high",146228224,"2024-10-14T17:19:45.350685Z",4.5
135,"2","2024-10-14T17:19:49.542253Z",135,"medium","medium",1.268,"Productivity","medium",52294656,"2024-10-14T17:19:49.543251Z",4.0
136,"2","2024-10-14T17:19:55.231729Z",136,"medium","medium",1.708,"Travel","medium",16332800,"2024-10-14T17:19:55.231729Z",4.0
137,"2","2024-10-14T17:20:00.562247Z",137,"medium","large",1.635,"Finance","medium",164382720,"2024-10-14T17:20:00.562247Z",4.0
138,"2","2024-10-14T17:20:08.906242Z",138,"medium","medium",1.721,"Entertainment","medium",45712384,"2024-10-14T17:20:08.906242Z",4.0
139,"2","2024-10-14T17:20:21.415795Z",139,"medium","medium",1.336,"Games","medium",16086016,"2024-10-14T17:20:21.415795Z",3.5
141,"2","2024-10-14T17:20:31.197752Z",140,"high","large",1.879,"Games","high",223805440,"2024-10-14T17:20:31.197752Z",4.5
140,"2","2024-10-14T17:20:26.581220Z",141,"medium","medium",1.652,"Games","medium",22159360,"2024-10-14T17:20:26.581220Z",4.0
142,"2","2024-10-14T17:20:36.777217Z",142,"medium","medium",1.218,"Music","medium",20542280,"2024-10-14T17:20:36.777217Z",3.5
143,"2","2024-10-14T17:20:40.867400Z",143,"medium","large",1.137,"Social Networking","medium",130637824,"2024-10-14T17:20:40.867400Z",3.5
144,"2","2024-10-14T17:20:45.607741Z",144,"low","small",1.462,"Weather","low",8900608,"2024-10-14T17:20:45.607741Z",3.0
145,"2","2024-10-14T17:20:49.942375Z",145,"medium","large",1.547,"Shopping","medium",180500480,"2024-10-14T17:20:49.942375Z",4.0
146,"2","2024-10-14T17:20:55.751016Z",146,"medium","medium",1.231,"Games","medium",19853312,"2024-10-14T17:20:55.751016Z",4.0
147,"2","2024-10-14T17:20:59.747225Z",147,"medium","medium",1.354,"Games","medium",42926080,"2024-10-14T17:20:59.748226Z",4.0
148,"2","2024-10-14T17:21:03.960197Z",148,"medium","medium",1.371,"Games","medium",36692992,"2024-10-14T17:21:03.960197Z",4.0
149,"2","2024-10-14T17:21:09.026605Z",149,"medium","medium",1.528,"Games","medium",36647936,"2024-10-14T17:21:09.026605Z",4.0
150,"2","2024-10-14T17:21:13.388196Z",150,"low","medium",1.302,"News","low",91697152,"2024-10-14T17:21:13.388196Z",3.0
151,"2","2024-10-14T17:21:17.688632Z",151,"medium","medium",1.415,"Sports","medium",51538944,"2024-10-14T17:21:17.688632Z",3.5
152,"2","2024-10-14T17:21:21.978263Z",152,"medium","small",1.338,"Travel","medium",8302592,"2024-10-14T17:21:21.978263Z",4.0
153,"2","2024-10-14T17:21:26.495121Z",153,"medium","large",1.5,"Games","medium",430128128,"2024-10-14T17:21:26.495121Z",3.5
154,"2","2024-10-14T17:21:30.861680Z",154,"medium","medium",1.631,"Games","medium",69960704,"2024-10-14T17:21:30.861680Z",4.0
155,"2","2024-10-14T17:21:36.180142Z",155,"low","small",1.465,"Education","low",767126,"2024-10-14T17:21:36.180142Z",3.0
156,"2","2024-10-14T17:21:40.775702Z",156,"medium","medium",1.162,"Games","medium",12996628,"2024-10-14T17:21:40.775702Z",3.5
157,"2","2024-10-14T17:21:44.748799Z",157,"medium","large",1.241,"Sports","medium",139545600,"2024-10-14T17:21:44.748799Z",4.0
158,"2","2024-10-14T17:21:49.585163Z",158,"medium","large",1.186,"Sports","medium",130394112,"2024-10-14T17:21:49.585163Z",4.0
159,"2","2024-10-14T17:21:54.141188Z",159,"high","large",1.466,"Music","high",101925888,"2024-10-14T17:21:54.141188Z",4.5
160,"2","2024-10-14T17:21:58.136164Z",160,"medium","medium",1.143,"News","medium",52951040,"2024-10-14T17:21:58.136164Z",3.5
161,"2","2024-10-14T17:22:03.209191Z",161,"low","medium",1.889,"Social Networking","low",80409600,"2024-10-14T17:22:03.209191Z",2.5
162,"2","2024-10-14T17:22:07.860176Z",162,"low","large",1.423,"Shopping","low",137312256,"2024-10-14T17:22:07.860176Z",3.0
163,"2","2024-10-14T17:22:12.220997Z",163,"medium","large",1.228,"Navigation","medium",144412672,"2024-10-14T17:22:12.220997Z",3.5
164,"2","2024-10-14T17:22:16.379140Z",164,"medium","medium",1.068,"Games","medium",27746273,"2024-10-14T17:22:16.379140Z",3.5
165,"2","2024-10-14T17:22:20.541167Z",165,"low","large",1.252,"Finance","low",119648256,"2024-10-14T17:22:20.541167Z",3.0
166,"2","2024-10-14T17:22:26.564654Z",166,"low","large",2.097,"Finance","low",119574528,"2024-10-14T17:22:26.564654Z",3.0
167,"2","2024-10-14T17:22:31.642396Z",167,"high","medium",3.327,"Health & Fitness","high",79315968,"2024-10-14T17:22:33.754028Z",4.5
168,"2","2024-10-14T17:22:39.040128Z",168,"medium","medium",1.95,"Photo & Video","medium",12818432,"2024-10-14T17:22:39.040128Z",4.0
169,"2","2024-10-14T17:22:43.176323Z",169,"medium","medium",1.086,"Food & Drink","medium",18165760,"2024-10-14T17:22:43.176323Z",4.0
170,"2","2024-10-14T17:22:47.477118Z",170,"medium","large",1.246,"Games","medium",253834240,"2024-10-14T17:22:47.477118Z",4.0
171,"2","2024-10-14T17:22:51.838106Z",171,"high","medium",1.26,"Games","high",69083136,"2024-10-14T17:22:51.838106Z",4.5
172,"2","2024-10-14T17:22:56.074744Z",172,"medium","small",1.29,"Games","medium",8573952,"2024-10-14T17:22:56.074744Z",3.5
173,"2","2024-10-14T17:22:59.980140Z",173,"high","large",1.219,"Weather","high",127284224,"2024-10-14T17:22:59.980140Z",4.5
174,"2","2024-10-14T17:23:03.966109Z",174,"medium","medium",1.04,"Games","medium",81374398,"2024-10-14T17:23:03.966109Z",4.0
175,"2","2024-10-14T17:23:08.012283Z",175,"high","medium",1.307,"Navigation","high",94139392,"2024-10-14T17:23:08.012283Z",4.5
176,"2","2024-10-14T17:23:12.115122Z",176,"medium","medium",1.286,"Games","medium",13216994,"2024-10-14T17:23:12.115122Z",3.5
177,"2","2024-10-14T17:23:16.494102Z",177,"medium","medium",1.481,"Games","medium",21010210,"2024-10-14T17:23:16.494102Z",4.0
178,"2","2024-10-14T17:23:20.833095Z",178,"low","medium",1.141,"Sports","low",35998720,"2024-10-14T17:23:20.833095Z",3.0
179,"2","2024-10-14T17:23:25.825683Z",179,"high","large",1.627,"Music","high",132510720,"2024-10-14T17:23:25.825683Z",4.5
180,"2","2024-10-14T17:23:30.442350Z",180,"medium","medium",1.38,"Food & Drink","medium",37001216,"2024-10-14T17:23:30.442350Z",3.5
181,"2","2024-10-14T17:23:34.368112Z",181,"medium","medium",1.19,"Sports","medium",64147456,"2024-10-14T17:23:34.369111Z",3.5
182,"2","2024-10-14T17:23:38.268081Z",182,"medium","large",1.107,"News","medium",100779008,"2024-10-14T17:23:38.268081Z",4.0
183,"2","2024-10-14T17:23:42.583078Z",183,"high","large",1.375,"Weather","high",123718656,"2024-10-14T17:23:42.583078Z",4.5
185,"2","2024-10-14T17:23:53.653095Z",184,"medium","large",1.564,"Games","medium",126312448,"2024-10-14T17:23:53.653095Z",4.0
184,"2","2024-10-14T17:23:48.078043Z",185,"medium","medium",1.437,"Productivity","medium",79882240,"2024-10-14T17:23:48.078043Z",4.0
186,"2","2024-10-14T17:23:58.296091Z",186,"medium","small",1.352,"Health & Fitness","medium",6418432,"2024-10-14T17:23:58.296091Z",3.5
187,"2","2024-10-14T17:24:02.554064Z",187,"low","medium",1.341,"Utilities","low",74093568,"2024-10-14T17:24:02.554064Z",3.0
188,"2","2024-10-14T17:24:07.148670Z",188,"high","medium",1.396,"Medical","high",12937216,"2024-10-14T17:24:07.148670Z",4.5
189,"2","2024-10-14T17:24:11.273002Z",189,"low","medium",1.182,"Photo & Video","low",53388288,"2024-10-14T17:24:11.274004Z",3.0
190,"2","2024-10-14T17:24:15.898759Z",190,"low","large",1.168,"Entertainment","low",118498304,"2024-10-14T17:24:15.898759Z",3.0
191,"2","2024-10-14T17:24:20.133050Z",191,"medium","large",1.422,"Games","medium",103197675,"2024-10-14T17:24:20.133050Z",3.5
192,"2","2024-10-14T17:24:27.167050Z",192,"high","medium",2.51,"Weather","high",24574976,"2024-10-14T17:24:27.167050Z",4.5
193,"2","2024-10-14T17:24:31.661051Z",193,"low","medium",1.278,"Entertainment","low",96093184,"2024-10-14T17:24:31.661051Z",3.0
194,"2","2024-10-14T17:24:35.914406Z",194,"medium","medium",1.32,"Sports","medium",77700096,"2024-10-14T17:24:35.914406Z",4.0
195,"2","2024-10-14T17:24:39.718860Z",195,"medium","large",1.151,"Productivity","medium",180804608,"2024-10-14T17:24:39.718860Z",3.5
196,"2","2024-10-14T17:24:43.747032Z",196,"medium","medium",1.098,"Entertainment","medium",56397824,"2024-10-14T17:24:43.747032Z",4.0
197,"2","2024-10-14T17:24:48.025053Z",197,"medium","large",1.351,"Games","medium",229272576,"2024-10-14T17:24:48.025053Z",4.0
198,"2","2024-10-14T17:24:52.654312Z",198,"medium","large",1.597,"Sports","medium",131000320,"2024-10-14T17:24:52.654312Z",3.5
199,"2","2024-10-14T17:24:57.411473Z",199,"high","medium",1.284,"Navigation","high",53097472,"2024-10-14T17:24:57.411473Z",4.5
200,"2","2024-10-14T17:25:02.185048Z",200,"low","small",1.334,"Finance","low",3375104,"2024-10-14T17:25:02.185048Z",0.0
201,"2","2024-10-14T17:25:06.437041Z",201,"medium","large",0.851,"Navigation","medium",108166144,"2024-10-14T17:25:06.437041Z",3.5
202,"2","2024-10-14T17:25:10.424013Z",202,"medium","medium",1.065,"Photo & Video","medium",89187328,"2024-10-14T17:25:10.424013Z",4.0
203,"2","2024-10-14T17:25:14.618009Z",203,"medium","medium",1.299,"Games","medium",13647872,"2024-10-14T17:25:14.618009Z",4.0
204,"2","2024-10-14T17:25:19.422007Z",204,"high","large",1.237,"Games","high",123544576,"2024-10-14T17:25:19.422007Z",4.5
205,"2","2024-10-14T17:25:24.317002Z",205,"high","small",1.555,"Games","high",1608704,"2024-10-14T17:25:24.317002Z",4.5
206,"2","2024-10-14T17:25:28.840547Z",206,"medium","medium",1.421,"Health & Fitness","medium",50169856,"2024-10-14T17:25:28.840547Z",4.0
207,"2","2024-10-14T17:25:34.061228Z",207,"low","large",1.571,"Photo & Video","low",101181440,"2024-10-14T17:25:34.061228Z",2.5
208,"2","2024-10-14T17:25:38.961343Z",208,"medium","medium",1.138,"Food & Drink","medium",15329280,"2024-10-14T17:25:38.961343Z",3.5
209,"2","2024-10-14T17:25:44.197270Z",209,"medium","medium",1.471,"Games","medium",31845376,"2024-10-14T17:25:44.197270Z",4.0
210,"2","2024-10-14T17:25:50.705009Z",210,"high","large",2.079,"Food & Drink","high",135032832,"2024-10-14T17:25:50.705009Z",4.5
211,"2","2024-10-14T17:25:56.012889Z",211,"low","medium",1.464,"Sports","low",54648832,"2024-10-14T17:25:56.012889Z",2.5
212,"2","2024-10-14T17:26:00.716006Z",212,"medium","small",1.217,"Games","medium",8432232,"2024-10-14T17:26:00.716006Z",4.0
213,"2","2024-10-14T17:26:05.516691Z",213,"medium","large",1.281,"Health & Fitness","medium",230720512,"2024-10-14T17:26:05.516691Z",3.5
214,"2","2024-10-14T17:26:09.855807Z",214,"medium","medium",1.77,"News","medium",80211968,"2024-10-14T17:26:09.855807Z",3.5
215,"2","2024-10-14T17:26:14.706018Z",215,"medium","large",1.572,"Shopping","medium",148201472,"2024-10-14T17:26:14.706018Z",3.5
216,"2","2024-10-14T17:26:18.870000Z",216,"low","medium",1.197,"Entertainment","low",20795392,"2024-10-14T17:26:18.870000Z",3.0
217,"2","2024-10-14T17:26:24.220892Z",217,"medium","medium",1.838,"Games","medium",27934720,"2024-10-14T17:26:24.220892Z",4.0
218,"2","2024-10-14T17:26:28.576975Z",218,"low","large",1.131,"Lifestyle","low",208309248,"2024-10-14T17:26:28.576975Z",3.0
219,"2","2024-10-14T17:26:33.247961Z",219,"medium","medium",1.169,"News","medium",33812480,"2024-10-14T17:26:33.247961Z",4.0
220,"2","2024-10-14T17:26:38.609982Z",220,"high","medium",1.581,"Lifestyle","high",20298752,"2024-10-14T17:26:38.609982Z",4.5
221,"2","2024-10-14T17:26:45.790229Z",221,"high","large",1.415,"Business","high",101346304,"2024-10-14T17:26:45.790229Z",4.5
222,"2","2024-10-14T17:26:51.003964Z",222,"medium","large",1.319,"News","medium",210569216,"2024-10-14T17:26:51.003964Z",3.5
224,"2","2024-10-14T17:27:00.414929Z",223,"medium","large",1.329,"Travel","medium",110198784,"2024-10-14T17:27:00.414929Z",4.0
223,"2","2024-10-14T17:26:55.704204Z",224,"medium","medium",1.388,"News","medium",78047232,"2024-10-14T17:26:55.704204Z",3.5
225,"2","2024-10-14T17:27:06.075711Z",225,"low","small",1.314,"Entertainment","low",9946112,"2024-10-14T17:27:06.075711Z",3.0
226,"2","2024-10-14T17:27:10.337457Z",226,"medium","medium",1.466,"Entertainment","medium",44652544,"2024-10-14T17:27:10.337457Z",4.0
227,"2","2024-10-14T17:27:14.729923Z",227,"medium","medium",1.303,"Reference","medium",30369792,"2024-10-14T17:27:14.729923Z",4.0
228,"2","2024-10-14T17:27:19.810942Z",228,"medium","large",1.576,"Games","medium",376171520,"2024-10-14T17:27:19.810942Z",4.0
229,"2","2024-10-14T17:27:24.257976Z",229,"medium","medium",1.072,"Business","medium",96815104,"2024-10-14T17:27:24.257976Z",4.0
230,"2","2024-10-14T17:27:29.227926Z",230,"high","large",1.844,"Shopping","high",169138176,"2024-10-14T17:27:29.227926Z",4.5
231,"2","2024-10-14T17:27:35.531215Z",231,"high","large",2.231,"Games","high",364490752,"2024-10-14T17:27:35.531215Z",5.0
232,"2","2024-10-14T17:27:40.715671Z",232,"medium","medium",2.012,"Lifestyle","medium",44135424,"2024-10-14T17:27:40.715671Z",4.0
233,"2","2024-10-14T17:27:45.888979Z",233,"medium","large",1.385,"Sports","medium",112074752,"2024-10-14T17:27:45.888979Z",3.5
234,"2","2024-10-14T17:27:50.009895Z",234,"low","medium",1.273,"Entertainment","low",98942976,"2024-10-14T17:27:50.009895Z",2.0
235,"2","2024-10-14T17:27:54.398914Z",235,"medium","medium",1.36,"Health & Fitness","medium",77686784,"2024-10-14T17:27:54.398914Z",3.5
236,"2","2024-10-14T17:27:58.704887Z",236,"medium","medium",1.387,"Shopping","medium",94496768,"2024-10-14T17:27:58.704887Z",3.5
237,"2","2024-10-14T17:28:02.737912Z",237,"medium","large",1.164,"Entertainment","medium",204959744,"2024-10-14T17:28:02.737912Z",3.5
238,"2","2024-10-14T17:28:10.236907Z",238,"medium","medium",1.256,"Games","medium",32796672,"2024-10-14T17:28:10.236907Z",4.0
239,"2","2024-10-14T17:28:14.974880Z",239,"medium","large",1.343,"Music","medium",105009152,"2024-10-14T17:28:14.974880Z",4.0
240,"2","2024-10-14T17:28:20.611931Z",240,"medium","medium",1.356,"Social Networking","medium",22562816,"2024-10-14T17:28:20.611931Z",4.0
241,"2","2024-10-14T17:28:25.691128Z",241,"medium","medium",1.243,"Navigation","medium",52632576,"2024-10-14T17:28:25.691128Z",4.0
242,"2","2024-10-14T17:28:32.003975Z",242,"high","large",3.561,"Health & Fitness","medium",151388160,"2024-10-14T17:28:32.003975Z",4.5
243,"2","2024-10-14T17:28:41.498911Z",243,"medium","medium",1.246,"Productivity","medium",47323136,"2024-10-14T17:28:41.498911Z",3.5
244,"2","2024-10-14T17:28:52.055064Z",244,"medium","medium",1.381,"Education","medium",59846656,"2024-10-14T17:28:52.055064Z",4.0
245,"2","2024-10-14T17:28:56.507838Z",245,"low","medium",1.116,"Games","low",27807744,"2024-10-14T17:28:56.507838Z",3.0
246,"2","2024-10-14T17:29:00.198839Z",246,"medium","medium",1.142,"Shopping","medium",60976128,"2024-10-14T17:29:00.198839Z",3.5
247,"2","2024-10-14T17:29:04.141837Z",247,"medium","large",1.213,"Games","medium",194386944,"2024-10-14T17:29:04.141837Z",3.5
248,"2","2024-10-14T17:29:08.610876Z",248,"low","medium",1.489,"News","low",49470464,"2024-10-14T17:29:08.610876Z",3.0
249,"2","2024-10-14T17:29:14.088829Z",249,"medium","large",1.206,"Music","medium",147118080,"2024-10-14T17:29:14.088829Z",4.0
250,"2","2024-10-14T17:29:17.943060Z",250,"medium","large",1.081,"Games","medium",125411328,"2024-10-14T17:29:17.943060Z",4.0
251,"2","2024-10-14T17:29:23.198011Z",251,"medium","medium",1.687,"Games","medium",63316992,"2024-10-14T17:29:23.198011Z",4.0
252,"2","2024-10-14T17:29:28.062819Z",252,"medium","medium",1.1,"Games","medium",15313920,"2024-10-14T17:29:28.062819Z",4.0
253,"2","2024-10-14T17:29:32.377819Z",253,"low","medium",1.517,"Sports","low",69816320,"2024-10-14T17:29:32.377819Z",2.5
254,"2","2024-10-14T17:29:36.825515Z",254,"medium","medium",1.439,"Games","medium",32848910,"2024-10-14T17:29:36.825515Z",4.0
255,"2","2024-10-14T17:29:40.287145Z",255,"medium","medium",1.091,"Games","medium",52821364,"2024-10-14T17:29:40.287145Z",4.0
256,"2","2024-10-14T17:29:45.719120Z",256,"low","large",1.351,"Shopping","low",146507776,"2024-10-14T17:29:45.719120Z",3.0
257,"2","2024-10-14T17:29:50.810288Z",257,"low","medium",1.845,"Business","low",24747008,"2024-10-14T17:29:50.810288Z",2.5
258,"2","2024-10-14T17:29:55.874264Z",258,"low","medium",1.445,"Shopping","low",89517056,"2024-10-14T17:29:55.874264Z",2.5
259,"2","2024-10-14T17:29:58.987797Z",259,"low","medium",1.122,"Entertainment","low",40722432,"2024-10-14T17:29:58.987797Z",3.0
260,"2","2024-10-14T17:30:02.706825Z",260,"medium","medium",1.265,"Photo & Video","medium",73332736,"2024-10-14T17:30:02.706825Z",4.0
261,"2","2024-10-14T17:30:07.233817Z",261,"low","medium",1.948,"Entertainment","low",83906560,"2024-10-14T17:30:07.233817Z",3.0
262,"2","2024-10-14T17:30:11.791790Z",262,"medium","medium",1.275,"Food & Drink","medium",76644352,"2024-10-14T17:30:11.791790Z",3.5
263,"2","2024-10-14T17:30:27.193397Z",263,"medium","medium",1.957,"Games","medium",37340259,"2024-10-14T17:30:27.193397Z",4.0
264,"2","2024-10-14T17:30:32.220797Z",264,"high","medium",1.483,"Shopping","high",26137600,"2024-10-14T17:30:32.220797Z",4.5
265,"2","2024-10-14T17:30:37.115753Z",265,"medium","large",1.739,"Shopping","medium",107816960,"2024-10-14T17:30:37.115753Z",3.5
266,"2","2024-10-14T17:30:42.066765Z",266,"high","large",1.284,"Health & Fitness","high",152700928,"2024-10-14T17:30:42.066765Z",4.5
267,"2","2024-10-14T17:30:46.506841Z",267,"high","large",1.714,"Travel","high",112024576,"2024-10-14T17:30:46.506841Z",4.5
268,"2","2024-10-14T17:30:50.132319Z",268,"medium","medium",1.478,"Productivity","medium",35864576,"2024-10-14T17:30:50.132319Z",4.0
269,"2","2024-10-14T17:30:53.469757Z",269,"medium","medium",1.093,"News","medium",49594368,"2024-10-14T17:30:53.469757Z",4.0
270,"2","2024-10-14T17:30:57.751752Z",270,"medium","large",1.163,"Photo & Video","medium",114081792,"2024-10-14T17:30:57.751752Z",3.5
271,"2","2024-10-14T17:31:04.703751Z",271,"medium","medium",1.555,"Music","medium",91267072,"2024-10-14T17:31:04.703751Z",4.0
272,"2","2024-10-14T17:31:09.943760Z",272,"high","small",1.419,"Business","high",8821760,"2024-10-14T17:31:09.943760Z",5.0
273,"2","2024-10-14T17:31:14.114742Z",273,"medium","medium",1.297,"Health & Fitness","medium",69513216,"2024-10-14T17:31:14.114742Z",4.0
274,"2","2024-10-14T17:31:18.392175Z",274,"medium","small",1.304,"Games","medium",7767040,"2024-10-14T17:31:18.392175Z",4.0
275,"2","2024-10-14T17:31:22.526735Z",275,"high","medium",1.274,"Entertainment","high",88702976,"2024-10-14T17:31:22.526735Z",4.5
276,"2","2024-10-14T17:31:26.802601Z",276,"high","large",1.585,"Games","high",175966208,"2024-10-14T17:31:26.802601Z",4.5
277,"2","2024-10-14T17:31:31.282905Z",277,"medium","medium",1.096,"Travel","medium",84791296,"2024-10-14T17:31:31.282905Z",3.5
278,"2","2024-10-14T17:31:36.357463Z",278,"medium","medium",1.46,"Lifestyle","medium",27997184,"2024-10-14T17:31:36.357463Z",3.5
279,"2","2024-10-14T17:31:39.864720Z",279,"medium","large",1.073,"Travel","medium",131463168,"2024-10-14T17:31:39.864720Z",3.5
280,"2","2024-10-14T17:31:43.384176Z",280,"high","small",1.028,"Games","high",5415000,"2024-10-14T17:31:43.384176Z",4.5
281,"2","2024-10-14T17:31:47.287756Z",281,"medium","large",1.247,"Navigation","medium",126867456,"2024-10-14T17:31:47.287756Z",3.5
282,"2","2024-10-14T17:31:51.286711Z",282,"medium","large",1.3,"Games","medium",878883840,"2024-10-14T17:31:51.286711Z",4.0
283,"2","2024-10-14T17:31:59.739706Z",283,"low","medium",1.145,"Travel","low",88773632,"2024-10-14T17:31:59.739706Z",3.0
284,"2","2024-10-14T17:32:07.378552Z",284,"medium","large",1.209,"Games","medium",812758016,"2024-10-14T17:32:07.378552Z",3.5
285,"2","2024-10-14T17:32:12.114317Z",285,"high","medium",1.823,"Education","high",28616704,"2024-10-14T17:32:12.114317Z",4.5
286,"2","2024-10-14T17:32:16.832415Z",286,"medium","small",1.696,"Finance","medium",7111680,"2024-10-14T17:32:16.832415Z",3.5
287,"2","2024-10-14T17:32:20.825697Z",287,"medium","medium",1.187,"Games","medium",34056767,"2024-10-14T17:32:20.825697Z",3.5
288,"2","2024-10-14T17:32:27.811350Z",288,"medium","medium",0.917,"Entertainment","medium",21450752,"2024-10-14T17:32:27.812351Z",4.0
289,"2","2024-10-14T17:32:31.856691Z",289,"low","medium",1.279,"Entertainment","low",97879040,"2024-10-14T17:32:31.856691Z",3.0
290,"2","2024-10-14T17:32:36.592589Z",290,"medium","medium",1.305,"Games","medium",22299021,"2024-10-14T17:32:36.592589Z",4.0
291,"2","2024-10-14T17:32:40.115139Z",291,"medium","medium",1.176,"Travel","medium",10231808,"2024-10-14T17:32:40.115139Z",4.0
292,"2","2024-10-14T17:32:44.308678Z",292,"high","large",1.227,"Health & Fitness","low",132480000,"2024-10-14T17:32:44.308678Z",4.5
293,"2","2024-10-14T17:33:07.178659Z",293,"medium","medium",1.949,"Games","medium",47182848,"2024-10-14T17:33:07.178659Z",4.0
294,"2","2024-10-14T17:33:13.408654Z",294,"high","large",1.327,"Health & Fitness","high",100048896,"2024-10-14T17:33:13.408654Z",4.5
295,"2","2024-10-14T17:33:19.610646Z",295,"high","large",1.155,"Business","high",174839808,"2024-10-14T17:33:19.610646Z",4.5
296,"2","2024-10-14T17:33:24.157647Z",296,"medium","medium",1.347,"Entertainment","medium",13725696,"2024-10-14T17:33:24.157647Z",3.5
297,"2","2024-10-14T17:33:29.000817Z",297,"low","medium",1.425,"Photo & Video","low",11369472,"2024-10-14T17:33:29.000817Z",2.0
298,"2","2024-10-14T17:33:33.806462Z",298,"medium","large",1.228,"News","medium",155857920,"2024-10-14T17:33:33.806462Z",4.0
299,"2","2024-10-14T17:33:37.806644Z",299,"medium","medium",0.965,"Lifestyle","medium",38718464,"2024-10-14T17:33:37.806644Z",4.0
300,"2","2024-10-14T17:33:43.048658Z",300,"medium","medium",1.068,"Games","medium",17879270,"2024-10-14T17:33:43.048658Z",4.0
301,"2","2024-10-14T17:33:47.738636Z",301,"low","medium",0.97,"Social Networking","low",96635904,"2024-10-14T17:33:47.738636Z",3.0
302,"2","2024-10-14T17:33:51.913652Z",302,"low","small",1.402,"Book","low",8039424,"2024-10-14T17:33:51.913652Z",0.0
303,"2","2024-10-14T17:33:56.510191Z",303,"high","large",1.352,"Games","high",105379840,"2024-10-14T17:33:56.510191Z",5.0
304,"2","2024-10-14T17:34:00.192620Z",304,"medium","large",1.082,"Social Networking","medium",199585792,"2024-10-14T17:34:00.192620Z",3.5
305,"2","2024-10-14T17:34:04.307620Z",305,"medium","large",1.12,"Lifestyle","medium",244516864,"2024-10-14T17:34:04.307620Z",4.0
306,"2","2024-10-14T17:34:08.586634Z",306,"medium","large",1.382,"Entertainment","medium",123450368,"2024-10-14T17:34:08.586634Z",4.0
307,"2","2024-10-14T17:34:13.089605Z",307,"high","large",1.53,"Social Networking","high",157625344,"2024-10-14T17:34:13.089605Z",4.5
308,"2","2024-10-14T17:34:17.256657Z",308,"high","medium",1.054,"Games","high",75612160,"2024-10-14T17:34:17.257657Z",4.5
309,"2","2024-10-14T17:34:21.931603Z",309,"high","medium",1.358,"Finance","high",68153344,"2024-10-14T17:34:21.931603Z",4.5
310,"2","2024-10-14T17:34:27.135426Z",310,"high","medium",1.76,"Games","high",84469760,"2024-10-14T17:34:27.135426Z",4.5
311,"2","2024-10-14T17:34:31.131596Z",311,"high","large",1.405,"Education","high",100368384,"2024-10-14T17:34:31.131596Z",4.5
312,"2","2024-10-14T17:34:35.018589Z",312,"medium","small",1.124,"Productivity","medium",7344128,"2024-10-14T17:34:35.019589Z",4.0
313,"2","2024-10-14T17:34:39.069155Z",313,"medium","medium",1.029,"Utilities","medium",25097281,"2024-10-14T17:34:39.069155Z",3.5
314,"2","2024-10-14T17:34:44.383642Z",314,"high","medium",1.883,"Health & Fitness","high",43439104,"2024-10-14T17:34:44.383642Z",4.5
315,"2","2024-10-14T17:34:49.791567Z",315,"high","medium",1.6,"Health & Fitness","high",83851264,"2024-10-14T17:34:49.791567Z",4.5
316,"2","2024-10-14T17:34:54.825573Z",316,"high","large",1.515,"News","high",118980608,"2024-10-14T17:34:54.825573Z",4.5
317,"2","2024-10-14T17:34:59.264505Z",317,"high","medium",1.794,"Games","high",76394496,"2024-10-14T17:34:59.265503Z",4.5
318,"2","2024-10-14T17:35:03.381595Z",318,"high","large",1.134,"Shopping","high",127382528,"2024-10-14T17:35:03.381595Z",4.5
319,"2","2024-10-14T17:35:07.322591Z",319,"high","medium",1.114,"Education","high",48819200,"2024-10-14T17:35:07.322591Z",5.0
320,"2","2024-10-14T17:35:11.573562Z",320,"low","medium",1.391,"Entertainment","low",30977024,"2024-10-14T17:35:11.573562Z",2.5
321,"2","2024-10-14T17:35:17.584553Z",321,"low","small",2.14,"Lifestyle","low",8073209,"2024-10-14T17:35:17.584553Z",2.0
322,"2","2024-10-14T17:35:44.650159Z",322,"medium","medium",1.524,"Games","medium",15676416,"2024-10-14T17:35:44.650159Z",3.5
323,"2","2024-10-14T17:35:49.109040Z",323,"medium","medium",1.391,"Sports","medium",81876992,"2024-10-14T17:35:49.109040Z",3.5
324,"2","2024-10-14T17:35:53.409546Z",324,"low","medium",1.263,"Games","low",48700821,"2024-10-14T17:35:53.409546Z",3.0
325,"2","2024-10-14T17:35:57.397555Z",325,"medium","large",1.011,"Games","medium",581353472,"2024-10-14T17:35:57.397555Z",4.0
326,"2","2024-10-14T17:36:01.642553Z",326,"high","small",1.42,"Photo & Video","high",9906176,"2024-10-14T17:36:01.642553Z",4.5
327,"2","2024-10-14T17:36:06.210494Z",327,"medium","large",1.16,"Games","medium",114843648,"2024-10-14T17:36:06.210494Z",4.0
328,"2","2024-10-14T17:36:09.839557Z",328,"medium","large",1.172,"Games","medium",199450624,"2024-10-14T17:36:09.839557Z",4.0
329,"2","2024-10-14T17:36:14.889733Z",329,"high","large",2.596,"Games","high",529755136,"2024-10-14T17:36:14.889733Z",4.5
330,"2","2024-10-14T17:36:26.159328Z",330,"medium","medium",6.882,"Music","medium",70516736,"2024-10-14T17:36:26.159328Z",4.0
331,"2","2024-10-14T17:36:31.120502Z",331,"low","large",1.365,"Travel","low",147066880,"2024-10-14T17:36:31.120502Z",0.0
332,"2","2024-10-14T17:36:35.439782Z",332,"medium","medium",1.329,"Education","medium",90241024,"2024-10-14T17:36:35.439782Z",4.0
333,"2","2024-10-14T17:36:40.104311Z",333,"medium","large",1.375,"Education","medium",174268416,"2024-10-14T17:36:40.104311Z",4.0
334,"2","2024-10-14T17:36:43.543495Z",334,"low","large",1.042,"Shopping","low",187040768,"2024-10-14T17:36:43.543495Z",3.0
335,"2","2024-10-14T17:36:47.306362Z",335,"medium","large",1.134,"Social Networking","medium",151864320,"2024-10-14T17:36:47.306362Z",4.0
336,"2","2024-10-14T17:36:51.108489Z",336,"medium","small",1.138,"Photo & Video","medium",4466688,"2024-10-14T17:36:51.108489Z",4.0
337,"2","2024-10-14T17:36:54.901486Z",337,"medium","medium",2.3419999999999996,"Travel","medium",35478528,"2024-10-14T17:36:56.897462Z",4.0
338,"2","2024-10-14T17:37:00.994963Z",338,"medium","medium",1.613,"Entertainment","medium",31869952,"2024-10-14T17:37:00.994963Z",4.0
339,"2","2024-10-14T17:37:05.522596Z",339,"high","medium",1.191,"Photo & Video","high",21771264,"2024-10-14T17:37:05.522596Z",4.5
340,"2","2024-10-14T17:37:10.190474Z",340,"high","large",2.204,"Music","high",103049216,"2024-10-14T17:37:10.191474Z",4.5
341,"2","2024-10-14T17:37:14.640609Z",341,"medium","medium",1.344,"Entertainment","medium",40586240,"2024-10-14T17:37:14.640609Z",4.0
342,"2","2024-10-14T17:37:18.419467Z",342,"medium","large",1.073,"Entertainment","medium",220397568,"2024-10-14T17:37:18.419467Z",4.0
343,"2","2024-10-14T17:37:22.818490Z",343,"medium","medium",1.679,"Sports","medium",69057536,"2024-10-14T17:37:22.818490Z",4.0
344,"2","2024-10-14T17:37:27.093754Z",344,"high","large",1.255,"Games","high",101943296,"2024-10-14T17:37:27.093754Z",4.5
345,"2","2024-10-14T17:37:30.839386Z",345,"medium","large",1.104,"Productivity","medium",122235904,"2024-10-14T17:37:30.839386Z",4.0
346,"2","2024-10-14T17:37:34.569466Z",346,"medium","large",0.942,"Games","medium",151954432,"2024-10-14T17:37:34.569466Z",4.0
347,"2","2024-10-14T17:37:39.244906Z",347,"medium","large",1.1669999999999998,"Education","medium",138047488,"2024-10-14T17:37:39.634042Z",3.5
348,"2","2024-10-14T17:37:44.938458Z",348,"medium","large",1.114,"Finance","medium",105982976,"2024-10-14T17:37:44.938458Z",4.0
349,"2","2024-10-14T17:37:49.216446Z",349,"high","large",1.348,"Games","high",104590336,"2024-10-14T17:37:49.216446Z",4.5
350,"2","2024-10-14T17:37:53.932917Z",350,"medium","medium",1.319,"Entertainment","medium",32051200,"2024-10-14T17:37:53.932917Z",4.0
351,"2","2024-10-14T17:37:58.786465Z",351,"high","large",1.445,"Games","high",225859584,"2024-10-14T17:37:58.786465Z",5.0
352,"2","2024-10-14T17:38:03.550125Z",352,"medium","large",1.514,"Games","medium",229992448,"2024-10-14T17:38:03.550125Z",3.5
353,"2","2024-10-14T17:38:09.617467Z",353,"high","medium",2.097,"Productivity","high",32604160,"2024-10-14T17:38:09.617467Z",4.5
354,"2","2024-10-14T17:38:14.568451Z",354,"medium","medium",1.084,"Navigation","medium",22948864,"2024-10-14T17:38:14.568451Z",3.5
355,"2","2024-10-14T17:38:19.089997Z",355,"high","medium",1.123,"Photo & Video","high",35422208,"2024-10-14T17:38:19.089997Z",4.5
356,"2","2024-10-14T17:38:23.151408Z",356,"medium","medium",1.103,"Weather","medium",32083968,"2024-10-14T17:38:23.151408Z",4.0
357,"2","2024-10-14T17:38:27.107420Z",357,"high","large",0.91,"Education","high",150221824,"2024-10-14T17:38:27.107420Z",4.5
358,"2","2024-10-14T17:38:31.017414Z",358,"low","medium",1.217,"Games","low",30270464,"2024-10-14T17:38:31.017414Z",3.0
359,"2","2024-10-14T17:38:36.144405Z",359,"medium","large",1.555,"Entertainment","medium",125016064,"2024-10-14T17:38:36.144405Z",3.5
360,"2","2024-10-14T17:38:41.917436Z",360,"high","medium",1.711,"Music","high",35717120,"2024-10-14T17:38:41.917436Z",4.5
